category,price,rating,stock,Discount,status,margin_status
,5548.0,1.870322016,,0.0,Active,High Margin
,3045.0,4.757798058,,38.0,Active,High Margin
,4808.0,1.492084885,,33.0,Active,High Margin
,1817.0,,Out of Stock,23.0,Active,High Margin
,3522.0,,,,Active,High Margin
,7719.0,2.982241782,In Stock,4.0,Active,High Margin
B,8530.0,,,10.0,Active,High Margin
A,7936.0,3.032832041,In Stock,44.0,Active,High Margin
,4996.5,4.097463657,,40.0,Active,High Margin
,5589.0,,,39.0,Active,High Margin
C,4996.5,,Out of Stock,25.0,Active,High Margin
D,407.0,2.774269878,In Stock,44.0,Active,standard
,7011.0,,In Stock,38.0,Active,High Margin
,3405.0,,In Stock,48.0,Active,High Margin
D,1732.0,,,,Active,High Margin
B,5850.0,2.264393101,Out of Stock,43.0,Active,High Margin
,4996.5,,,,Active,High Margin
,9307.0,,Out of Stock,21.0,Active,High Margin
,2331.0,3.952257435,,43.0,Active,High Margin
D,6164.0,4.305789482,Out of Stock,1.0,Active,High Margin
,9230.0,,,8.0,Active,High Margin
,8484.0,,Out of Stock,36.0,Active,High Margin
,1759.0,4.455343994,,37.0,Active,High Margin
,8675.0,2.778260648,Out of Stock,,Active,High Margin
C,1134.0,2.886833031,In Stock,15.0,Active,High Margin
B,9795.0,,In Stock,17.0,Active,High Margin
,3236.0,4.951183214,Out of Stock,2.0,Active,High Margin
,1624.0,,Out of Stock,34.0,Active,High Margin
,806.0,4.170806834,,8.0,Active,High Margin
A,5006.0,3.835636274,Out of Stock,,Active,High Margin
B,1029.0,4.464129273,,38.0,Active,High Margin
,6249.0,,In Stock,16.0,Active,High Margin
D,8026.0,,,46.0,Active,High Margin
A,9516.0,1.657350437,,5.0,Active,High Margin
,8631.0,3.30848051,In Stock,10.0,Active,High Margin
,6491.0,4.645463937,,16.0,Active,High Margin
,4996.5,4.036652101,In Stock,33.0,Active,High Margin
D,642.0,1.598345401,Out of Stock,28.0,Active,High Margin
B,4222.0,4.213202928,In Stock,20.0,Active,High Margin
A,1962.0,4.976201302,In Stock,6.0,Active,High Margin
,1441.0,3.414634864,In Stock,43.0,Active,High Margin
,6884.0,,In Stock,49.0,Active,High Margin
D,2544.0,,,,Active,High Margin
,8117.0,,In Stock,45.0,Active,High Margin
,4996.5,2.581053762,Out of Stock,36.0,Active,High Margin
A,4077.0,,Out of Stock,28.0,Active,High Margin
D,2877.0,3.13016217,Out of Stock,49.0,Active,High Margin
,3282.0,,Out of Stock,40.0,Active,High Margin
,6578.0,3.125260769,,28.0,Active,High Margin
,7187.0,,In Stock,12.0,Active,High Margin
,1435.0,,,23.0,Active,High Margin
,2778.0,4.647670826,,43.0,Active,High Margin
,4996.5,,In Stock,1.0,Active,High Margin
,578.0,3.68816202,Out of Stock,36.0,Active,High Margin
C,8024.0,,,2.0,Active,High Margin
,6122.0,2.567716124,In Stock,15.0,Active,High Margin
,1362.0,3.91365403,Out of Stock,,Active,High Margin
C,3182.0,4.874851836,In Stock,49.0,Active,High Margin
,251.0,,,21.0,Active,standard
D,4580.0,1.532090175,,39.0,Active,High Margin
,5821.0,1.168690444,Out of Stock,17.0,Active,High Margin
,9990.0,,Out of Stock,19.0,Active,High Margin
,4347.0,2.568984286,,3.0,Active,High Margin
,2072.0,,,10.0,Active,High Margin
,8731.0,,Out of Stock,38.0,Active,High Margin
,3763.0,,,13.0,Active,High Margin
A,2466.0,,,12.0,Active,High Margin
A,6348.0,,,29.0,Active,High Margin
,6345.0,,Out of Stock,4.0,Active,High Margin
B,8345.0,,Out of Stock,41.0,Active,High Margin
A,8521.0,1.081564565,Out of Stock,40.0,Active,High Margin
,2649.0,1.985444913,In Stock,25.0,Active,High Margin
D,357.0,,Out of Stock,32.0,Active,standard
A,8251.0,4.052873659,In Stock,28.0,Active,High Margin
A,1465.0,1.835877108,,,Active,High Margin
A,9825.0,,Out of Stock,22.0,Active,High Margin
B,7624.0,,,5.0,Active,High Margin
,190.0,,In Stock,0.0,Active,standard
,4643.0,3.193527429,In Stock,4.0,Active,High Margin
,1197.0,1.30071938,Out of Stock,,Active,High Margin
B,8205.0,4.755317545,Out of Stock,35.0,Active,High Margin
,3125.0,3.295946652,,,Active,High Margin
,7826.0,3.576635436,In Stock,6.0,Active,High Margin
D,4625.0,1.718143164,In Stock,36.0,Active,High Margin
C,249.0,2.080916746,,15.0,Active,standard
B,9697.0,,,26.0,Active,High Margin
B,8458.0,,In Stock,18.0,Active,High Margin
,4741.0,,,27.0,Active,High Margin
A,6943.0,,,42.0,Active,High Margin
,758.0,1.249497755,In Stock,28.0,Active,High Margin
,8793.0,3.006402453,Out of Stock,6.0,Active,High Margin
,8893.0,2.519350543,In Stock,,Active,High Margin
A,8713.0,2.380993261,,30.0,Active,High Margin
A,1269.0,,In Stock,38.0,Active,High Margin
D,6751.0,2.337782569,,2.0,Active,High Margin
,2584.0,,Out of Stock,1.0,Active,High Margin
C,7911.0,2.76573862,Out of Stock,37.0,Active,High Margin
,9424.0,1.076073768,Out of Stock,,Active,High Margin
,8409.0,1.696635602,Out of Stock,29.0,Active,High Margin
,9063.0,3.62453068,Out of Stock,,Active,High Margin
,8070.0,4.220245877,,20.0,Active,High Margin
,1870.0,,In Stock,32.0,Active,High Margin
,6864.0,2.89348282,,10.0,Active,High Margin
A,1425.0,1.80376013,In Stock,15.0,Active,High Margin
,1612.0,3.032991896,In Stock,16.0,Active,High Margin
,1894.0,2.329488148,Out of Stock,,Active,High Margin
,7800.0,,,5.0,Active,High Margin
B,1493.0,3.383623675,Out of Stock,45.0,Active,High Margin
,2602.0,,In Stock,0.0,Active,High Margin
B,3365.0,4.175149078,In Stock,29.0,Active,High Margin
,381.0,3.093285397,In Stock,17.0,Active,standard
,3604.0,,In Stock,17.0,Active,High Margin
,8070.0,,In Stock,28.0,Active,High Margin
D,2622.0,,,22.0,Active,High Margin
,340.0,,Out of Stock,27.0,Active,standard
C,6472.0,,,27.0,Active,High Margin
,5746.0,,Out of Stock,2.0,Active,High Margin
,3956.0,3.455945237,,23.0,Active,High Margin
D,8757.0,,In Stock,49.0,Active,High Margin
,2820.0,3.088923747,,21.0,Active,High Margin
D,2001.0,,Out of Stock,23.0,Active,High Margin
A,4317.0,,Out of Stock,13.0,Active,High Margin
,7635.0,,Out of Stock,5.0,Active,High Margin
,9529.0,1.460956388,In Stock,31.0,Active,High Margin
,1595.0,1.306888079,,37.0,Active,High Margin
,2349.0,,Out of Stock,48.0,Active,High Margin
,9284.0,,Out of Stock,45.0,Active,High Margin
C,8597.0,3.517120302,In Stock,23.0,Active,High Margin
C,2117.0,,,45.0,Active,High Margin
C,4996.5,,Out of Stock,3.0,Active,High Margin
A,6022.0,,In Stock,48.0,Active,High Margin
,8132.0,2.765849835,In Stock,15.0,Active,High Margin
,3170.0,2.198862485,In Stock,18.0,Active,High Margin
C,2608.0,1.873083818,In Stock,8.0,Active,High Margin
,3862.0,3.813108432,,22.0,Active,High Margin
B,395.0,,In Stock,24.0,Active,standard
,6080.0,4.132381742,Out of Stock,18.0,Active,High Margin
C,5296.0,2.741556903,Out of Stock,34.0,Active,High Margin
,5348.0,1.587225808,Out of Stock,31.0,Active,High Margin
,3155.0,2.756254196,In Stock,6.0,Active,High Margin
,3112.0,,Out of Stock,16.0,Active,High Margin
,5533.0,,In Stock,34.0,Active,High Margin
,8159.0,3.09958404,Out of Stock,31.0,Active,High Margin
,5642.0,,,28.0,Active,High Margin
,7027.0,1.815593804,In Stock,,Active,High Margin
,9537.0,,Out of Stock,25.0,Active,High Margin
C,4996.5,3.42631698,,7.0,Active,High Margin
,312.0,1.537020149,,39.0,Active,standard
,8693.0,3.186790809,In Stock,24.0,Active,High Margin
,2846.0,3.64085803,,6.0,Active,High Margin
,2841.0,2.510971236,In Stock,40.0,Active,High Margin
,5658.0,3.963020663,In Stock,29.0,Active,High Margin
,6759.0,,Out of Stock,35.0,Active,High Margin
,1419.0,2.375571908,,1.0,Active,High Margin
A,6016.0,1.844219155,In Stock,1.0,Active,High Margin
,5961.0,,In Stock,18.0,Active,High Margin
,9489.0,,In Stock,5.0,Active,High Margin
,1558.0,,,12.0,Active,High Margin
,3892.0,1.980228881,In Stock,6.0,Active,High Margin
,6904.0,,Out of Stock,36.0,Active,High Margin
,663.0,3.084386434,Out of Stock,5.0,Active,High Margin
A,1910.0,4.817531509,In Stock,,Active,High Margin
D,8625.0,4.025419857,,36.0,Active,High Margin
,8800.0,4.36678652,Out of Stock,26.0,Active,High Margin
A,6869.0,3.010511246,Out of Stock,49.0,Active,High Margin
D,5146.0,,In Stock,10.0,Active,High Margin
,7098.0,1.301853306,,23.0,Active,High Margin
A,3348.0,,In Stock,16.0,Active,High Margin
,4592.0,,Out of Stock,25.0,Active,High Margin
A,7005.0,,,22.0,Active,High Margin
,3742.0,4.209122066,In Stock,19.0,Active,High Margin
D,454.0,,Out of Stock,32.0,Active,standard
,4198.0,,Out of Stock,29.0,Active,High Margin
A,6336.0,3.648349511,In Stock,11.0,Active,High Margin
,5323.0,,Out of Stock,16.0,Active,High Margin
A,9152.0,4.768849527,Out of Stock,11.0,Active,High Margin
,5420.0,,Out of Stock,21.0,Active,High Margin
D,4763.0,,Out of Stock,11.0,Active,High Margin
,247.0,,In Stock,,Active,standard
,2060.0,4.743226108,Out of Stock,,Active,High Margin
,4996.5,,,47.0,Active,High Margin
C,6765.0,3.4017721,,35.0,Active,High Margin
,1853.0,,Out of Stock,11.0,Active,High Margin
C,8773.0,3.892084161,Out of Stock,,Active,High Margin
,6671.0,,,30.0,Active,High Margin
,8334.0,2.562769446,In Stock,16.0,Active,High Margin
B,2790.0,,In Stock,,Active,High Margin
B,6781.0,,Out of Stock,21.0,Active,High Margin
,1215.0,2.382519172,In Stock,30.0,Active,High Margin
A,4996.5,,In Stock,14.0,Active,High Margin
,6234.0,,In Stock,28.0,Active,High Margin
,1214.0,1.488996797,In Stock,4.0,Active,High Margin
A,6991.0,1.099149137,In Stock,21.0,Active,High Margin
,3364.0,,Out of Stock,3.0,Active,High Margin
,8785.0,1.23113598,Out of Stock,11.0,Active,High Margin
,7313.0,,Out of Stock,1.0,Active,High Margin
,9999.0,1.834954053,,30.0,Active,High Margin
B,7933.0,,In Stock,36.0,Active,High Margin
,5178.0,3.335105401,In Stock,20.0,Active,High Margin
,8863.0,,Out of Stock,,Active,High Margin
D,8514.0,4.704094089,Out of Stock,46.0,Active,High Margin
A,1439.0,1.499808924,In Stock,28.0,Active,High Margin
,7682.0,2.309511396,Out of Stock,22.0,Active,High Margin
,5937.0,,In Stock,,Active,High Margin
,3646.0,,Out of Stock,33.0,Active,High Margin
,6547.0,3.590183981,,6.0,Active,High Margin
,1523.0,1.246447334,Out of Stock,22.0,Active,High Margin
,9483.0,2.823328922,In Stock,,Active,High Margin
,7897.0,,In Stock,27.0,Active,High Margin
C,7384.0,,Out of Stock,24.0,Active,High Margin
,1454.0,,In Stock,37.0,Active,High Margin
,9590.0,,In Stock,41.0,Active,High Margin
,2861.0,4.204148109,,,Active,High Margin
,4887.0,,,23.0,Active,High Margin
,8557.0,,Out of Stock,10.0,Active,High Margin
D,3152.0,1.574379971,In Stock,6.0,Active,High Margin
,1386.0,,In Stock,23.0,Active,High Margin
,7452.0,,In Stock,14.0,Active,High Margin
,7433.0,,,12.0,Active,High Margin
,5036.0,,Out of Stock,,Active,High Margin
,4740.0,,Out of Stock,42.0,Active,High Margin
C,4883.0,3.356603182,In Stock,20.0,Active,High Margin
C,8437.0,3.876005948,Out of Stock,21.0,Active,High Margin
,3543.0,3.545775899,In Stock,6.0,Active,High Margin
A,8882.0,,In Stock,28.0,Active,High Margin
D,1824.0,1.090942422,In Stock,3.0,Active,High Margin
,3447.0,,Out of Stock,45.0,Active,High Margin
,7622.0,2.701567655,In Stock,15.0,Active,High Margin
B,3420.0,1.184857146,In Stock,19.0,Active,High Margin
,3074.0,,,3.0,Active,High Margin
,4996.5,1.121555883,,32.0,Active,High Margin
A,3745.0,4.205694491,In Stock,9.0,Active,High Margin
C,4096.0,,In Stock,42.0,Active,High Margin
,4157.0,,Out of Stock,30.0,Active,High Margin
D,4602.0,,Out of Stock,17.0,Active,High Margin
,4996.5,1.065801831,In Stock,7.0,Active,High Margin
D,1222.0,,Out of Stock,49.0,Active,High Margin
B,3681.0,,Out of Stock,8.0,Active,High Margin
,8110.0,,,48.0,Active,High Margin
C,3528.0,4.685441757,,,Active,High Margin
,4323.0,,Out of Stock,45.0,Active,High Margin
,8414.0,,,24.0,Active,High Margin
D,3767.0,,Out of Stock,33.0,Active,High Margin
D,9988.0,1.906103855,,,Active,High Margin
,5666.0,2.836677187,In Stock,49.0,Active,High Margin
A,7967.0,3.715056819,In Stock,42.0,Active,High Margin
A,2593.0,1.145519882,,43.0,Active,High Margin
D,9227.0,2.25204924,,9.0,Active,High Margin
,5364.0,,In Stock,29.0,Active,High Margin
,4996.5,3.185219381,In Stock,21.0,Active,High Margin
,2437.0,4.981286012,In Stock,,Active,High Margin
C,3034.0,3.769339664,Out of Stock,11.0,Active,High Margin
B,4573.0,1.823093667,In Stock,5.0,Active,High Margin
,7805.0,,,20.0,Active,High Margin
,4960.0,3.991063665,Out of Stock,31.0,Active,High Margin
,5019.0,,Out of Stock,17.0,Active,High Margin
,7198.0,,,18.0,Active,High Margin
B,4905.0,,Out of Stock,23.0,Active,High Margin
,2774.0,,,0.0,Active,High Margin
A,4519.0,4.487539499,In Stock,39.0,Active,High Margin
,6551.0,,,28.0,Active,High Margin
C,3831.0,3.971501091,,19.0,Active,High Margin
C,2740.0,,In Stock,0.0,Active,High Margin
,743.0,3.266645301,In Stock,,Active,High Margin
,4996.5,,,,Active,High Margin
,4996.5,1.802828523,Out of Stock,19.0,Active,High Margin
,7842.0,3.587589046,In Stock,16.0,Active,High Margin
C,6083.0,2.233474516,Out of Stock,36.0,Active,High Margin
,7025.0,4.430414663,,25.0,Active,High Margin
,6546.0,,In Stock,49.0,Active,High Margin
,2810.0,2.912595366,In Stock,47.0,Active,High Margin
,5181.0,,In Stock,44.0,Active,High Margin
A,6848.0,4.92754188,Out of Stock,26.0,Active,High Margin
,968.0,1.046048972,In Stock,42.0,Active,High Margin
D,1999.0,3.613690763,Out of Stock,20.0,Active,High Margin
C,5369.0,,,29.0,Active,High Margin
A,1138.0,4.743874686,In Stock,4.0,Active,High Margin
,3016.0,1.246998966,,1.0,Active,High Margin
C,1132.0,2.043756276,Out of Stock,12.0,Active,High Margin
D,4996.5,4.019948636,Out of Stock,5.0,Active,High Margin
,7446.0,,In Stock,42.0,Active,High Margin
,4877.0,,In Stock,30.0,Active,High Margin
,5350.0,,Out of Stock,27.0,Active,High Margin
C,3150.0,,,7.0,Active,High Margin
C,7050.0,,In Stock,37.0,Active,High Margin
B,1570.0,3.901696196,,39.0,Active,High Margin
C,3725.0,3.971817822,,8.0,Active,High Margin
,4264.0,3.909681734,In Stock,3.0,Active,High Margin
,3030.0,4.987106105,Out of Stock,37.0,Active,High Margin
,4951.0,,,41.0,Active,High Margin
,9551.0,,Out of Stock,4.0,Active,High Margin
B,8084.0,,,24.0,Active,High Margin
,9928.0,,In Stock,27.0,Active,High Margin
,7405.0,,In Stock,31.0,Active,High Margin
,4552.0,1.764918317,Out of Stock,28.0,Active,High Margin
,9251.0,,Out of Stock,19.0,Active,High Margin
D,547.0,1.47609924,In Stock,15.0,Active,High Margin
,7669.0,,,42.0,Active,High Margin
,5107.0,,In Stock,17.0,Active,High Margin
,6717.0,4.740635466,In Stock,20.0,Active,High Margin
,5577.0,4.163708035,,43.0,Active,High Margin
A,4996.5,,In Stock,18.0,Active,High Margin
B,5059.0,,Out of Stock,16.0,Active,High Margin
,1656.0,2.058124524,,6.0,Active,High Margin
B,6686.0,3.447834819,,49.0,Active,High Margin
,3029.0,,Out of Stock,,Active,High Margin
,2197.0,1.770328026,Out of Stock,30.0,Active,High Margin
,4996.5,,In Stock,44.0,Active,High Margin
,9213.0,,Out of Stock,47.0,Active,High Margin
,1422.0,2.226139979,Out of Stock,28.0,Active,High Margin
,2691.0,,,48.0,Active,High Margin
,1258.0,2.581632086,In Stock,29.0,Active,High Margin
,6433.0,1.790422154,In Stock,,Active,High Margin
,7440.0,,Out of Stock,25.0,Active,High Margin
A,1578.0,,,,Active,High Margin
,3928.0,,In Stock,9.0,Active,High Margin
,3521.0,,,33.0,Active,High Margin
C,4882.0,,In Stock,8.0,Active,High Margin
,6961.0,,,10.0,Active,High Margin
,1398.0,,In Stock,13.0,Active,High Margin
,8635.0,,,30.0,Active,High Margin
C,873.0,,In Stock,15.0,Active,High Margin
A,3947.0,,,48.0,Active,High Margin
A,552.0,4.36343691,,47.0,Active,High Margin
,1398.0,3.348483731,Out of Stock,31.0,Active,High Margin
B,8686.0,4.033833309,Out of Stock,11.0,Active,High Margin
B,3958.0,2.367321407,,13.0,Active,High Margin
,166.0,4.983784435,Out of Stock,45.0,Active,standard
,9265.0,,In Stock,47.0,Active,High Margin
D,9181.0,,Out of Stock,14.0,Active,High Margin
,7087.0,,Out of Stock,47.0,Active,High Margin
,2470.0,2.790822701,Out of Stock,23.0,Active,High Margin
,9526.0,,In Stock,5.0,Active,High Margin
,3396.0,2.132233505,,35.0,Active,High Margin
,6313.0,4.445257202,Out of Stock,18.0,Active,High Margin
A,1188.0,2.515534993,In Stock,31.0,Active,High Margin
,7374.0,,,43.0,Active,High Margin
C,5326.0,2.471724024,,4.0,Active,High Margin
A,5257.0,,,31.0,Active,High Margin
A,1853.0,3.041639608,,15.0,Active,High Margin
,4996.5,1.701949858,Out of Stock,35.0,Active,High Margin
,6409.0,3.843182174,Out of Stock,35.0,Active,High Margin
,7023.0,3.505974196,In Stock,,Active,High Margin
,2291.0,,In Stock,29.0,Active,High Margin
D,6160.0,,,1.0,Active,High Margin
,993.0,3.714865606,In Stock,41.0,Active,High Margin
C,4996.5,,In Stock,29.0,Active,High Margin
C,4996.5,,Out of Stock,34.0,Active,High Margin
C,4037.0,1.479951675,In Stock,43.0,Active,High Margin
A,8210.0,,Out of Stock,10.0,Active,High Margin
A,6791.0,,,33.0,Active,High Margin
,219.0,3.346222321,,25.0,Active,standard
C,3441.0,2.072512581,In Stock,37.0,Active,High Margin
A,3933.0,3.095869691,,21.0,Active,High Margin
,5659.0,,In Stock,23.0,Active,High Margin
,4578.0,,,22.0,Active,High Margin
,367.0,4.611745324,,38.0,Active,standard
,860.0,,In Stock,28.0,Active,High Margin
,4996.5,2.684314027,,30.0,Active,High Margin
C,8305.0,2.937883361,In Stock,31.0,Active,High Margin
,4499.0,4.720944428,In Stock,13.0,Active,High Margin
,3947.0,,In Stock,39.0,Active,High Margin
A,8200.0,,In Stock,22.0,Active,High Margin
A,4330.0,,,35.0,Active,High Margin
D,9415.0,,,3.0,Active,High Margin
,3141.0,,In Stock,13.0,Active,High Margin
,4996.5,1.495261871,Out of Stock,47.0,Active,High Margin
,7785.0,1.421898336,Out of Stock,39.0,Active,High Margin
B,4996.5,,In Stock,37.0,Active,High Margin
C,5684.0,,,35.0,Active,High Margin
,2809.0,3.898357755,Out of Stock,28.0,Active,High Margin
,8837.0,,,48.0,Active,High Margin
A,7013.0,,Out of Stock,47.0,Active,High Margin
,1880.0,4.177729957,Out of Stock,33.0,Active,High Margin
B,6307.0,4.641240874,,,Active,High Margin
C,3051.0,1.052618509,In Stock,41.0,Active,High Margin
B,8664.0,,,10.0,Active,High Margin
C,583.0,4.87028266,,39.0,Active,High Margin
,5284.0,4.724694015,In Stock,45.0,Active,High Margin
B,3582.0,,Out of Stock,43.0,Active,High Margin
,9200.0,3.984146671,In Stock,23.0,Active,High Margin
,6241.0,,In Stock,44.0,Active,High Margin
,340.0,4.886310787,Out of Stock,27.0,Active,standard
,882.0,3.046103172,Out of Stock,11.0,Active,High Margin
,9787.0,4.349021263,In Stock,25.0,Active,High Margin
C,4996.5,4.0738973,Out of Stock,,Active,High Margin
,3282.0,,,13.0,Active,High Margin
,1519.0,2.679388146,Out of Stock,32.0,Active,High Margin
,2422.0,,,28.0,Active,High Margin
D,3510.0,,Out of Stock,28.0,Active,High Margin
,699.0,4.37583811,In Stock,9.0,Active,High Margin
C,7259.0,,Out of Stock,5.0,Active,High Margin
,8388.0,3.936083685,In Stock,49.0,Active,High Margin
B,2801.0,,In Stock,10.0,Active,High Margin
A,8976.0,2.675012434,In Stock,5.0,Active,High Margin
,6855.0,,In Stock,,Active,High Margin
,6487.0,3.275214523,Out of Stock,9.0,Active,High Margin
C,513.0,1.551308786,,18.0,Active,High Margin
A,4844.0,2.809743585,Out of Stock,,Active,High Margin
C,8867.0,2.789754486,,25.0,Active,High Margin
,8794.0,,In Stock,34.0,Active,High Margin
,169.0,2.598798249,,49.0,Active,standard
,1151.0,1.870206341,,9.0,Active,High Margin
C,7446.0,,In Stock,,Active,High Margin
C,8832.0,2.184752213,,45.0,Active,High Margin
D,7398.0,4.539260482,In Stock,45.0,Active,High Margin
A,5533.0,,In Stock,31.0,Active,High Margin
C,9942.0,3.098893349,In Stock,41.0,Active,High Margin
,5889.0,1.011499178,,35.0,Active,High Margin
,7249.0,,Out of Stock,40.0,Active,High Margin
,2863.0,,Out of Stock,20.0,Active,High Margin
,3149.0,2.436181742,Out of Stock,11.0,Active,High Margin
B,4377.0,2.58527386,Out of Stock,23.0,Active,High Margin
,1125.0,,,17.0,Active,High Margin
,8287.0,4.359452058,In Stock,35.0,Active,High Margin
,4290.0,2.470568033,Out of Stock,0.0,Active,High Margin
D,4297.0,3.303322214,In Stock,5.0,Active,High Margin
B,2557.0,,In Stock,7.0,Active,High Margin
A,4996.5,3.979337342,In Stock,21.0,Active,High Margin
,3742.0,,Out of Stock,3.0,Active,High Margin
,8017.0,1.612055887,,3.0,Active,High Margin
D,4910.0,4.989577355,In Stock,45.0,Active,High Margin
,4429.0,,In Stock,8.0,Active,High Margin
C,5687.0,,Out of Stock,7.0,Active,High Margin
A,9116.0,2.16027754,In Stock,45.0,Active,High Margin
,5125.0,,Out of Stock,49.0,Active,High Margin
,480.0,2.895213765,In Stock,21.0,Active,standard
C,1189.0,4.957681199,Out of Stock,34.0,Active,High Margin
,9697.0,3.334450241,,11.0,Active,High Margin
,1891.0,,,14.0,Active,High Margin
,3908.0,2.390631587,Out of Stock,27.0,Active,High Margin
D,3996.0,,Out of Stock,25.0,Active,High Margin
B,5054.0,1.893145253,In Stock,5.0,Active,High Margin
D,9794.0,2.130339376,Out of Stock,14.0,Active,High Margin
C,7693.0,,In Stock,35.0,Active,High Margin
,8671.0,,In Stock,0.0,Active,High Margin
A,2970.0,2.028725181,Out of Stock,2.0,Active,High Margin
,6708.0,3.177204226,In Stock,24.0,Active,High Margin
,7272.0,2.366807906,,29.0,Active,High Margin
C,7873.0,3.991883776,Out of Stock,42.0,Active,High Margin
,5940.0,4.850522226,Out of Stock,7.0,Active,High Margin
,3151.0,1.991498846,In Stock,8.0,Active,High Margin
,438.0,,In Stock,21.0,Active,standard
,4996.5,,In Stock,19.0,Active,High Margin
,2761.0,2.259845774,,14.0,Active,High Margin
,6361.0,3.957523113,,5.0,Active,High Margin
,4659.0,3.793331203,In Stock,15.0,Active,High Margin
,2807.0,3.217156054,Out of Stock,39.0,Active,High Margin
A,1297.0,,In Stock,36.0,Active,High Margin
D,8255.0,4.187392001,In Stock,36.0,Active,High Margin
,2929.0,2.744012447,Out of Stock,46.0,Active,High Margin
,3509.0,,In Stock,10.0,Active,High Margin
,9098.0,2.03745842,Out of Stock,6.0,Active,High Margin
,1567.0,,,37.0,Active,High Margin
,926.0,,Out of Stock,21.0,Active,High Margin
,7538.0,2.529976294,,29.0,Active,High Margin
D,2797.0,2.954738492,In Stock,26.0,Active,High Margin
,6302.0,1.883031279,,6.0,Active,High Margin
C,9873.0,,In Stock,19.0,Active,High Margin
B,3621.0,3.269276521,In Stock,16.0,Active,High Margin
C,8629.0,,Out of Stock,45.0,Active,High Margin
A,5055.0,2.782292682,,7.0,Active,High Margin
,3984.0,4.06813389,Out of Stock,,Active,High Margin
,2865.0,3.555979815,,43.0,Active,High Margin
C,4222.0,,In Stock,23.0,Active,High Margin
,2470.0,1.037354008,In Stock,41.0,Active,High Margin
,1647.0,4.284220098,,27.0,Active,High Margin
D,9356.0,3.333491496,In Stock,17.0,Active,High Margin
C,3203.0,,,0.0,Active,High Margin
D,177.0,,In Stock,31.0,Active,standard
,8221.0,4.772532426,,36.0,Active,High Margin
A,9272.0,2.459474979,,37.0,Active,High Margin
,8406.0,1.291421111,Out of Stock,11.0,Active,High Margin
C,6357.0,2.131057288,In Stock,5.0,Active,High Margin
A,9516.0,,In Stock,,Active,High Margin
C,7605.0,3.035017053,In Stock,8.0,Active,High Margin
B,8569.0,4.300744484,In Stock,42.0,Active,High Margin
B,5557.0,2.91771379,Out of Stock,14.0,Active,High Margin
C,8687.0,2.609026342,In Stock,19.0,Active,High Margin
C,9686.0,4.713512142,,27.0,Active,High Margin
,5236.0,2.290243723,,10.0,Active,High Margin
D,7621.0,,Out of Stock,30.0,Active,High Margin
,3130.0,3.076447468,,16.0,Active,High Margin
,3086.0,,Out of Stock,2.0,Active,High Margin
C,1051.0,2.984321748,In Stock,10.0,Active,High Margin
,1320.0,2.358778012,,12.0,Active,High Margin
,7446.0,1.530568331,Out of Stock,31.0,Active,High Margin
,505.0,,Out of Stock,30.0,Active,High Margin
,3389.0,1.941900547,Out of Stock,2.0,Active,High Margin
,1142.0,2.259947259,Out of Stock,16.0,Active,High Margin
,2604.0,,Out of Stock,,Active,High Margin
,3542.0,2.27055598,Out of Stock,36.0,Active,High Margin
A,9933.0,,,15.0,Active,High Margin
,9887.0,1.721344109,,12.0,Active,High Margin
,7477.0,3.630518223,In Stock,25.0,Active,High Margin
A,3125.0,,,18.0,Active,High Margin
,4070.0,,,46.0,Active,High Margin
,2190.0,,,10.0,Active,High Margin
,2023.0,4.904290374,,31.0,Active,High Margin
,6169.0,2.703924171,Out of Stock,38.0,Active,High Margin
,2695.0,3.778066899,Out of Stock,5.0,Active,High Margin
,7046.0,1.714077512,In Stock,5.0,Active,High Margin
,9257.0,,,,Active,High Margin
,7479.0,,Out of Stock,15.0,Active,High Margin
,6205.0,3.644353228,,29.0,Active,High Margin
A,1682.0,,In Stock,45.0,Active,High Margin
,4917.0,,Out of Stock,21.0,Active,High Margin
,8537.0,2.95583957,,10.0,Active,High Margin
,2806.0,1.074641885,Out of Stock,30.0,Active,High Margin
,9585.0,4.723567029,In Stock,24.0,Active,High Margin
,1036.0,1.391264797,In Stock,39.0,Active,High Margin
B,722.0,,,19.0,Active,High Margin
,5237.0,4.854664208,,49.0,Active,High Margin
,6530.0,,In Stock,26.0,Active,High Margin
,5674.0,,,,Active,High Margin
C,1260.0,3.628810071,Out of Stock,43.0,Active,High Margin
,249.0,3.090414208,In Stock,26.0,Active,standard
,8170.0,4.028107377,Out of Stock,35.0,Active,High Margin
,3432.0,1.39276408,,45.0,Active,High Margin
,1903.0,,Out of Stock,46.0,Active,High Margin
D,7139.0,,,43.0,Active,High Margin
,2905.0,,Out of Stock,27.0,Active,High Margin
,291.0,3.961543721,,39.0,Active,standard
,562.0,1.644107625,,3.0,Active,High Margin
B,4996.5,,,,Active,High Margin
,9617.0,,Out of Stock,,Active,High Margin
,2577.0,,Out of Stock,49.0,Active,High Margin
,9697.0,3.66048393,In Stock,40.0,Active,High Margin
,1481.0,1.199776457,,26.0,Active,High Margin
,328.0,,Out of Stock,41.0,Active,standard
A,5721.0,3.578709893,,40.0,Active,High Margin
,9329.0,,In Stock,48.0,Active,High Margin
,381.0,,Out of Stock,21.0,Active,standard
C,8709.0,,,19.0,Active,High Margin
,5539.0,1.809605571,Out of Stock,17.0,Active,High Margin
,7675.0,,Out of Stock,1.0,Active,High Margin
,2705.0,4.527438671,In Stock,7.0,Active,High Margin
D,4246.0,,Out of Stock,34.0,Active,High Margin
,2228.0,3.189855923,In Stock,23.0,Active,High Margin
,7314.0,4.620648665,,30.0,Active,High Margin
,3536.0,,In Stock,13.0,Active,High Margin
,5113.0,,Out of Stock,17.0,Active,High Margin
,2432.0,,Out of Stock,16.0,Active,High Margin
,5736.0,,,14.0,Active,High Margin
D,434.0,,Out of Stock,6.0,Active,standard
B,9715.0,4.55629631,,1.0,Active,High Margin
,2666.0,2.98169699,In Stock,28.0,Active,High Margin
C,3215.0,2.376312444,In Stock,,Active,High Margin
,4650.0,1.170523665,Out of Stock,11.0,Active,High Margin
,535.0,,,9.0,Active,High Margin
,703.0,1.32945137,Out of Stock,4.0,Active,High Margin
A,8171.0,2.059080055,Out of Stock,14.0,Active,High Margin
,1305.0,,In Stock,38.0,Active,High Margin
,6285.0,2.60792692,In Stock,27.0,Active,High Margin
,6551.0,4.246589692,In Stock,5.0,Active,High Margin
C,4996.5,,Out of Stock,,Active,High Margin
,9442.0,2.690726984,In Stock,39.0,Active,High Margin
A,1521.0,,In Stock,29.0,Active,High Margin
,231.0,1.444400305,In Stock,38.0,Active,standard
,4636.0,,,8.0,Active,High Margin
B,1971.0,,,1.0,Active,High Margin
B,3412.0,,Out of Stock,24.0,Active,High Margin
,409.0,,Out of Stock,16.0,Active,standard
,9287.0,4.696252557,,2.0,Active,High Margin
,3590.0,4.099343054,Out of Stock,,Active,High Margin
A,5310.0,3.649176394,Out of Stock,1.0,Active,High Margin
,3341.0,4.841266709,,44.0,Active,High Margin
B,7293.0,1.958100921,In Stock,29.0,Active,High Margin
,6722.0,2.419346271,In Stock,8.0,Active,High Margin
,1328.0,2.909360251,,27.0,Active,High Margin
B,8583.0,,In Stock,31.0,Active,High Margin
B,6924.0,4.068935005,In Stock,,Active,High Margin
B,1103.0,,,47.0,Active,High Margin
,4097.0,,Out of Stock,34.0,Active,High Margin
B,3741.0,,,47.0,Active,High Margin
,1545.0,2.14157275,In Stock,29.0,Active,High Margin
D,8585.0,,,43.0,Active,High Margin
A,3726.0,,In Stock,26.0,Active,High Margin
,2883.0,2.755392183,Out of Stock,35.0,Active,High Margin
,7702.0,1.159747579,Out of Stock,21.0,Active,High Margin
,4437.0,,In Stock,8.0,Active,High Margin
,7648.0,,In Stock,45.0,Active,High Margin
B,5335.0,,Out of Stock,12.0,Active,High Margin
A,6117.0,,In Stock,26.0,Active,High Margin
B,1695.0,3.137216936,In Stock,7.0,Active,High Margin
B,4769.0,3.199256477,,41.0,Active,High Margin
,8325.0,3.749995245,,6.0,Active,High Margin
,4828.0,,In Stock,22.0,Active,High Margin
,1698.0,3.089123168,In Stock,11.0,Active,High Margin
C,2571.0,1.242519642,In Stock,22.0,Active,High Margin
,3691.0,4.799496226,,37.0,Active,High Margin
,4996.5,,Out of Stock,23.0,Active,High Margin
D,6967.0,2.929478914,In Stock,39.0,Active,High Margin
A,3701.0,,In Stock,12.0,Active,High Margin
C,2610.0,2.791204242,,10.0,Active,High Margin
,7606.0,3.654227386,In Stock,,Active,High Margin
,3135.0,4.594448915,,28.0,Active,High Margin
D,5597.0,3.116135384,In Stock,27.0,Active,High Margin
D,4763.0,3.972744227,,42.0,Active,High Margin
,4219.0,,In Stock,37.0,Active,High Margin
,6716.0,1.790399031,In Stock,7.0,Active,High Margin
,8682.0,1.190636338,,47.0,Active,High Margin
C,2647.0,,In Stock,,Active,High Margin
,9928.0,,In Stock,49.0,Active,High Margin
,251.0,1.033156305,Out of Stock,44.0,Active,standard
,889.0,,Out of Stock,45.0,Active,High Margin
C,1972.0,2.247259789,In Stock,10.0,Active,High Margin
,5429.0,4.958336197,In Stock,2.0,Active,High Margin
,6889.0,,,13.0,Active,High Margin
,4996.5,,Out of Stock,16.0,Active,High Margin
D,2507.0,,Out of Stock,45.0,Active,High Margin
,8945.0,4.670162361,Out of Stock,11.0,Active,High Margin
,4318.0,2.130970062,Out of Stock,,Active,High Margin
D,521.0,1.109541284,Out of Stock,30.0,Active,High Margin
,7314.0,,,41.0,Active,High Margin
,3430.0,,Out of Stock,27.0,Active,High Margin
C,7425.0,2.326320641,,22.0,Active,High Margin
,5132.0,,Out of Stock,43.0,Active,High Margin
,4996.5,,Out of Stock,6.0,Active,High Margin
,7671.0,2.062739332,,,Active,High Margin
B,3472.0,,Out of Stock,41.0,Active,High Margin
,3430.0,,In Stock,27.0,Active,High Margin
,4996.5,,In Stock,11.0,Active,High Margin
,3145.0,1.848307296,In Stock,15.0,Active,High Margin
A,3545.0,,,18.0,Active,High Margin
,3688.0,,In Stock,7.0,Active,High Margin
A,5124.0,1.114378759,In Stock,,Active,High Margin
,4924.0,4.904717381,Out of Stock,13.0,Active,High Margin
,1135.0,,In Stock,42.0,Active,High Margin
D,5969.0,,Out of Stock,17.0,Active,High Margin
,7874.0,3.00732327,Out of Stock,34.0,Active,High Margin
,1557.0,3.860771351,,15.0,Active,High Margin
,571.0,3.030143278,,37.0,Active,High Margin
,4996.5,,In Stock,48.0,Active,High Margin
,2760.0,3.705958435,Out of Stock,11.0,Active,High Margin
,9501.0,,Out of Stock,15.0,Active,High Margin
,7629.0,4.411939077,In Stock,3.0,Active,High Margin
,8863.0,,In Stock,15.0,Active,High Margin
C,3465.0,,Out of Stock,40.0,Active,High Margin
A,6319.0,,Out of Stock,47.0,Active,High Margin
,3452.0,3.150789248,In Stock,33.0,Active,High Margin
,2148.0,,In Stock,23.0,Active,High Margin
,398.0,2.128305109,Out of Stock,20.0,Active,standard
,7213.0,,In Stock,7.0,Active,High Margin
,284.0,,,7.0,Active,standard
,1690.0,4.768949678,,11.0,Active,High Margin
B,3837.0,,Out of Stock,18.0,Active,High Margin
D,9569.0,,Out of Stock,32.0,Active,High Margin
,6916.0,4.332073496,,42.0,Active,High Margin
,4996.5,,Out of Stock,36.0,Active,High Margin
B,9780.0,,,15.0,Active,High Margin
,868.0,,Out of Stock,21.0,Active,High Margin
,9303.0,,Out of Stock,13.0,Active,High Margin
,4147.0,4.341512883,In Stock,21.0,Active,High Margin
C,1466.0,2.534061332,In Stock,37.0,Active,High Margin
D,4996.5,4.923387096,In Stock,42.0,Active,High Margin
,8984.0,2.137580538,In Stock,22.0,Active,High Margin
,4996.5,,,45.0,Active,High Margin
B,8082.0,,,2.0,Active,High Margin
A,7539.0,3.544582893,In Stock,29.0,Active,High Margin
C,7340.0,,In Stock,,Active,High Margin
,4672.0,3.331715957,,49.0,Active,High Margin
A,7180.0,,,2.0,Active,High Margin
B,4734.0,2.732656991,Out of Stock,0.0,Active,High Margin
C,500.0,,In Stock,43.0,Active,standard
B,7257.0,,In Stock,17.0,Active,High Margin
,3867.0,,,49.0,Active,High Margin
,7889.0,4.731517334,,32.0,Active,High Margin
,1028.0,,,34.0,Active,High Margin
D,6690.0,1.589540663,,5.0,Active,High Margin
,2359.0,4.368024013,In Stock,11.0,Active,High Margin
,8785.0,,In Stock,22.0,Active,High Margin
,6036.0,,,24.0,Active,High Margin
C,5707.0,1.918981049,In Stock,30.0,Active,High Margin
D,8421.0,1.651472186,,4.0,Active,High Margin
,1924.0,,,20.0,Active,High Margin
,9346.0,3.683532001,In Stock,39.0,Active,High Margin
,2302.0,,Out of Stock,10.0,Active,High Margin
,3818.0,4.698912084,Out of Stock,21.0,Active,High Margin
A,8574.0,,Out of Stock,,Active,High Margin
A,9221.0,4.75540302,,17.0,Active,High Margin
A,4996.5,,,0.0,Active,High Margin
,2352.0,4.463197134,,37.0,Active,High Margin
,1519.0,,In Stock,15.0,Active,High Margin
A,1089.0,,,32.0,Active,High Margin
C,8473.0,,Out of Stock,19.0,Active,High Margin
,1786.0,,Out of Stock,14.0,Active,High Margin
,2993.0,,Out of Stock,43.0,Active,High Margin
,6961.0,3.525718599,,16.0,Active,High Margin
,1167.0,2.507280422,In Stock,47.0,Active,High Margin
C,126.0,,Out of Stock,23.0,Active,standard
D,2242.0,4.464652126,Out of Stock,24.0,Active,High Margin
A,6244.0,,In Stock,41.0,Active,High Margin
C,4661.0,2.102019402,In Stock,19.0,Active,High Margin
,3793.0,2.055446766,In Stock,22.0,Active,High Margin
C,5506.0,,Out of Stock,29.0,Active,High Margin
,9201.0,,In Stock,14.0,Active,High Margin
,2514.0,4.578985,,2.0,Active,High Margin
,4773.0,2.786519202,In Stock,27.0,Active,High Margin
,7028.0,3.115534583,Out of Stock,34.0,Active,High Margin
,4531.0,,,42.0,Active,High Margin
C,1094.0,,In Stock,48.0,Active,High Margin
,6942.0,,,,Active,High Margin
,4579.0,,In Stock,,Active,High Margin
A,1034.0,,In Stock,,Active,High Margin
,218.0,,,25.0,Active,standard
D,4565.0,,Out of Stock,36.0,Active,High Margin
A,4611.0,4.370481242,,10.0,Active,High Margin
A,9599.0,,In Stock,36.0,Active,High Margin
,6566.0,4.55435123,In Stock,24.0,Active,High Margin
,5615.0,2.429237789,,13.0,Active,High Margin
D,8075.0,,,48.0,Active,High Margin
,9714.0,,Out of Stock,10.0,Active,High Margin
,5941.0,,Out of Stock,38.0,Active,High Margin
,3770.0,,Out of Stock,10.0,Active,High Margin
,6479.0,2.819842197,In Stock,32.0,Active,High Margin
D,282.0,,,23.0,Active,standard
C,8823.0,1.134856421,Out of Stock,,Active,High Margin
C,4690.0,3.915965744,,22.0,Active,High Margin
C,9265.0,,In Stock,23.0,Active,High Margin
C,5724.0,,Out of Stock,13.0,Active,High Margin
,1503.0,2.869429138,Out of Stock,49.0,Active,High Margin
,4119.0,,In Stock,15.0,Active,High Margin
,4996.5,,Out of Stock,33.0,Active,High Margin
,1121.0,,Out of Stock,27.0,Active,High Margin
,945.0,4.128949867,In Stock,34.0,Active,High Margin
,1762.0,2.844827682,In Stock,1.0,Active,High Margin
,3321.0,3.599726302,,,Active,High Margin
,2849.0,1.803500059,Out of Stock,40.0,Active,High Margin
,3193.0,2.390867432,In Stock,,Active,High Margin
D,6433.0,,In Stock,5.0,Active,High Margin
,9519.0,3.060620619,In Stock,12.0,Active,High Margin
,4105.0,,,17.0,Active,High Margin
,5258.0,,Out of Stock,25.0,Active,High Margin
,9326.0,,Out of Stock,3.0,Active,High Margin
,134.0,2.305678601,Out of Stock,45.0,Active,standard
D,9463.0,,,,Active,High Margin
D,9295.0,,In Stock,,Active,High Margin
,5883.0,3.543257514,Out of Stock,6.0,Active,High Margin
,604.0,,Out of Stock,22.0,Active,High Margin
C,1057.0,,Out of Stock,17.0,Active,High Margin
,3965.0,1.030506535,,22.0,Active,High Margin
C,2040.0,3.152110023,In Stock,,Active,High Margin
,4737.0,,,,Active,High Margin
,5750.0,4.498982061,,13.0,Active,High Margin
,1568.0,4.113798158,,48.0,Active,High Margin
B,8260.0,1.288582686,Out of Stock,16.0,Active,High Margin
C,8683.0,,,39.0,Active,High Margin
,4509.0,2.948336452,In Stock,37.0,Active,High Margin
B,5904.0,4.421146603,Out of Stock,31.0,Active,High Margin
,997.0,4.437430898,In Stock,37.0,Active,High Margin
,387.0,3.634321673,,17.0,Active,standard
,7000.0,4.690735016,In Stock,8.0,Active,High Margin
C,750.0,,Out of Stock,33.0,Active,High Margin
,8024.0,2.510680057,,12.0,Active,High Margin
A,3986.0,,Out of Stock,26.0,Active,High Margin
B,7274.0,1.905004933,In Stock,7.0,Active,High Margin
,4101.0,,,12.0,Active,High Margin
,7715.0,,In Stock,41.0,Active,High Margin
C,4996.5,4.726100541,Out of Stock,42.0,Active,High Margin
A,8604.0,3.659524202,Out of Stock,48.0,Active,High Margin
B,9122.0,3.588629928,In Stock,45.0,Active,High Margin
,7335.0,4.972969858,,28.0,Active,High Margin
C,4815.0,,Out of Stock,,Active,High Margin
B,4242.0,1.240912923,Out of Stock,23.0,Active,High Margin
,1558.0,2.126048969,,34.0,Active,High Margin
,972.0,4.581309176,,,Active,High Margin
D,5051.0,1.441588657,Out of Stock,,Active,High Margin
B,3003.0,2.716204723,Out of Stock,7.0,Active,High Margin
A,3534.0,,In Stock,,Active,High Margin
,968.0,,In Stock,,Active,High Margin
A,2562.0,1.1535284,In Stock,35.0,Active,High Margin
,4587.0,2.712058753,Out of Stock,11.0,Active,High Margin
,3215.0,1.084174653,Out of Stock,31.0,Active,High Margin
,339.0,3.388199454,,,Active,standard
,7515.0,,In Stock,1.0,Active,High Margin
,5141.0,,In Stock,24.0,Active,High Margin
A,4154.0,,In Stock,48.0,Active,High Margin
,1493.0,3.556768125,Out of Stock,18.0,Active,High Margin
,9439.0,2.651170105,,2.0,Active,High Margin
,4996.5,3.486367013,In Stock,32.0,Active,High Margin
,1089.0,2.449721441,In Stock,6.0,Active,High Margin
D,6744.0,,In Stock,39.0,Active,High Margin
,8673.0,,Out of Stock,7.0,Active,High Margin
,1307.0,,Out of Stock,19.0,Active,High Margin
B,2763.0,3.287226166,,,Active,High Margin
D,5669.0,,In Stock,2.0,Active,High Margin
,5266.0,,In Stock,44.0,Active,High Margin
C,9776.0,4.100424148,In Stock,13.0,Active,High Margin
,4936.0,3.388590917,,32.0,Active,High Margin
D,6886.0,,Out of Stock,19.0,Active,High Margin
,4811.0,,Out of Stock,22.0,Active,High Margin
,8937.0,3.168626657,In Stock,,Active,High Margin
,2637.0,,In Stock,13.0,Active,High Margin
,2977.0,4.886014306,In Stock,23.0,Active,High Margin
,5654.0,,In Stock,27.0,Active,High Margin
,193.0,3.484824617,Out of Stock,27.0,Active,standard
,4765.0,,In Stock,37.0,Active,High Margin
B,2045.0,,In Stock,1.0,Active,High Margin
B,9178.0,4.985115727,,41.0,Active,High Margin
,4996.5,3.751455104,Out of Stock,22.0,Active,High Margin
,1958.0,4.694981288,Out of Stock,46.0,Active,High Margin
,7051.0,,,13.0,Active,High Margin
,8541.0,4.579736468,,,Active,High Margin
,810.0,3.254853508,,45.0,Active,High Margin
,7041.0,,,36.0,Active,High Margin
,6966.0,,In Stock,43.0,Active,High Margin
B,6387.0,4.806959517,,33.0,Active,High Margin
B,1202.0,3.248570097,Out of Stock,39.0,Active,High Margin
,5138.0,1.576842737,Out of Stock,17.0,Active,High Margin
,3848.0,,In Stock,24.0,Active,High Margin
,9984.0,,In Stock,0.0,Active,High Margin
,632.0,2.24213851,,12.0,Active,High Margin
,8098.0,,Out of Stock,22.0,Active,High Margin
,2133.0,,,,Active,High Margin
,2523.0,,,40.0,Active,High Margin
,5397.0,,In Stock,25.0,Active,High Margin
,790.0,4.674096132,,,Active,High Margin
,7241.0,,,46.0,Active,High Margin
,628.0,3.298095823,In Stock,28.0,Active,High Margin
,787.0,3.129012544,Out of Stock,,Active,High Margin
,6472.0,3.200770016,Out of Stock,15.0,Active,High Margin
B,4642.0,,Out of Stock,26.0,Active,High Margin
D,255.0,3.149575415,In Stock,33.0,Active,standard
,9520.0,1.979189749,,44.0,Active,High Margin
,3940.0,,In Stock,10.0,Active,High Margin
,8679.0,4.710448317,In Stock,,Active,High Margin
A,7766.0,,In Stock,17.0,Active,High Margin
,891.0,,,31.0,Active,High Margin
,5512.0,4.987610761,In Stock,29.0,Active,High Margin
,5587.0,,In Stock,44.0,Active,High Margin
B,8643.0,1.729505833,Out of Stock,12.0,Active,High Margin
,9140.0,,Out of Stock,44.0,Active,High Margin
A,7902.0,,Out of Stock,24.0,Active,High Margin
,8698.0,4.307085604,,5.0,Active,High Margin
A,4477.0,,Out of Stock,12.0,Active,High Margin
,8311.0,,In Stock,28.0,Active,High Margin
C,4404.0,1.491863367,Out of Stock,,Active,High Margin
C,3604.0,,,7.0,Active,High Margin
B,8525.0,4.440149062,In Stock,35.0,Active,High Margin
C,7305.0,,In Stock,17.0,Active,High Margin
,4926.0,,Out of Stock,42.0,Active,High Margin
D,4996.5,,,38.0,Active,High Margin
,7750.0,2.169501643,Out of Stock,36.0,Active,High Margin
,3545.0,2.622266078,Out of Stock,,Active,High Margin
D,4053.0,,,,Active,High Margin
C,6566.0,,Out of Stock,,Active,High Margin
C,667.0,,In Stock,37.0,Active,High Margin
D,6477.0,3.282895973,Out of Stock,,Active,High Margin
C,2033.0,,In Stock,26.0,Active,High Margin
B,4862.0,,Out of Stock,6.0,Active,High Margin
,784.0,,In Stock,42.0,Active,High Margin
A,1789.0,4.812429208,,38.0,Active,High Margin
A,7596.0,2.799564144,In Stock,10.0,Active,High Margin
,8821.0,,Out of Stock,17.0,Active,High Margin
A,7615.0,3.341888371,In Stock,32.0,Active,High Margin
B,3614.0,2.788721981,,,Active,High Margin
,8806.0,3.081901216,,11.0,Active,High Margin
,6325.0,3.47719377,Out of Stock,18.0,Active,High Margin
,9001.0,1.83768181,In Stock,5.0,Active,High Margin
D,3197.0,,In Stock,22.0,Active,High Margin
,6599.0,,In Stock,45.0,Active,High Margin
,1656.0,,Out of Stock,47.0,Active,High Margin
,4996.5,3.691579128,In Stock,46.0,Active,High Margin
,3314.0,,Out of Stock,41.0,Active,High Margin
,7324.0,3.988260713,,2.0,Active,High Margin
,6558.0,,,13.0,Active,High Margin
,3114.0,,,28.0,Active,High Margin
,4996.5,,In Stock,44.0,Active,High Margin
,4996.5,1.393853993,,1.0,Active,High Margin
,4996.5,3.281209572,In Stock,41.0,Active,High Margin
A,2173.0,1.482811755,In Stock,32.0,Active,High Margin
,4986.0,,Out of Stock,34.0,Active,High Margin
,8384.0,,Out of Stock,,Active,High Margin
,4377.0,,,2.0,Active,High Margin
A,9790.0,1.250023463,In Stock,31.0,Active,High Margin
,9067.0,,In Stock,2.0,Active,High Margin
,9223.0,,Out of Stock,43.0,Active,High Margin
D,4996.5,,Out of Stock,15.0,Active,High Margin
A,4996.5,,In Stock,37.0,Active,High Margin
,9074.0,,In Stock,39.0,Active,High Margin
,759.0,1.050254168,In Stock,5.0,Active,High Margin
,6328.0,,,20.0,Active,High Margin
,3071.0,,,46.0,Active,High Margin
,7957.0,1.17897941,,7.0,Active,High Margin
,9058.0,,,15.0,Active,High Margin
,5053.0,1.738606225,,28.0,Active,High Margin
,5735.0,,In Stock,34.0,Active,High Margin
B,8453.0,,In Stock,15.0,Active,High Margin
C,6575.0,2.448260416,,16.0,Active,High Margin
,1964.0,,Out of Stock,25.0,Active,High Margin
A,1543.0,,In Stock,23.0,Active,High Margin
,7188.0,3.54198952,,22.0,Active,High Margin
,7588.0,2.273843734,In Stock,5.0,Active,High Margin
,8615.0,1.215586359,Out of Stock,22.0,Active,High Margin
,1474.0,,Out of Stock,,Active,High Margin
,451.0,1.623219994,In Stock,32.0,Active,standard
A,1521.0,1.958172002,In Stock,15.0,Active,High Margin
,9768.0,,,,Active,High Margin
,4352.0,,,24.0,Active,High Margin
,3375.0,,Out of Stock,15.0,Active,High Margin
,3207.0,,,43.0,Active,High Margin
,7742.0,2.587259003,In Stock,16.0,Active,High Margin
A,4996.5,,,34.0,Active,High Margin
,4500.0,,Out of Stock,23.0,Active,High Margin
,4996.5,2.768665479,In Stock,12.0,Active,High Margin
,6127.0,,Out of Stock,8.0,Active,High Margin
,2858.0,,,29.0,Active,High Margin
D,8571.0,4.147482153,In Stock,17.0,Active,High Margin
B,9699.0,1.997081459,In Stock,41.0,Active,High Margin
,7949.0,,In Stock,,Active,High Margin
,3643.0,,In Stock,16.0,Active,High Margin
D,1192.0,1.772850479,,,Active,High Margin
,2497.0,2.720887803,Out of Stock,42.0,Active,High Margin
D,1365.0,,,37.0,Active,High Margin
C,3284.0,,In Stock,21.0,Active,High Margin
,6836.0,,In Stock,28.0,Active,High Margin
,5250.0,1.993403179,Out of Stock,17.0,Active,High Margin
,2797.0,2.032770987,Out of Stock,27.0,Active,High Margin
,2051.0,,Out of Stock,45.0,Active,High Margin
,6307.0,3.564522511,Out of Stock,36.0,Active,High Margin
D,248.0,,,4.0,Active,standard
A,5009.0,,,28.0,Active,High Margin
,4628.0,2.974389336,Out of Stock,,Active,High Margin
,141.0,,In Stock,15.0,Active,standard
,4884.0,,,25.0,Active,High Margin
,5286.0,4.263091606,,45.0,Active,High Margin
,9439.0,,In Stock,,Active,High Margin
A,943.0,,Out of Stock,31.0,Active,High Margin
,337.0,,,46.0,Active,standard
B,4844.0,,In Stock,43.0,Active,High Margin
D,3182.0,3.636535719,Out of Stock,5.0,Active,High Margin
,3761.0,4.854906644,Out of Stock,22.0,Active,High Margin
,6986.0,,In Stock,41.0,Active,High Margin
B,5901.0,,Out of Stock,28.0,Active,High Margin
,9799.0,,,,Active,High Margin
,6735.0,,In Stock,27.0,Active,High Margin
,3428.0,4.400024012,,46.0,Active,High Margin
,4853.0,,In Stock,40.0,Active,High Margin
B,4996.5,4.9564559,,14.0,Active,High Margin
C,9676.0,,In Stock,13.0,Active,High Margin
C,3252.0,2.957626141,,35.0,Active,High Margin
B,4963.0,2.631434918,In Stock,35.0,Active,High Margin
,9837.0,4.077143018,Out of Stock,15.0,Active,High Margin
,7803.0,3.538834862,In Stock,0.0,Active,High Margin
,2731.0,,In Stock,39.0,Active,High Margin
,5483.0,,In Stock,,Active,High Margin
,5473.0,3.984919278,,31.0,Active,High Margin
C,8063.0,2.954655793,In Stock,44.0,Active,High Margin
,6186.0,3.675261507,Out of Stock,46.0,Active,High Margin
,2040.0,3.392246205,,38.0,Active,High Margin
,3083.0,3.154964374,,20.0,Active,High Margin
,4996.5,,Out of Stock,1.0,Active,High Margin
,8417.0,,In Stock,9.0,Active,High Margin
C,2935.0,3.282913092,,,Active,High Margin
,3955.0,,Out of Stock,40.0,Active,High Margin
,6541.0,2.949805247,In Stock,45.0,Active,High Margin
D,2565.0,2.622165129,,9.0,Active,High Margin
A,3673.0,,,37.0,Active,High Margin
,6148.0,,In Stock,43.0,Active,High Margin
D,1140.0,1.455668819,In Stock,38.0,Active,High Margin
,2066.0,,In Stock,36.0,Active,High Margin
,8176.0,3.515005361,Out of Stock,45.0,Active,High Margin
,1537.0,1.168436341,,22.0,Active,High Margin
D,3771.0,,In Stock,30.0,Active,High Margin
,7965.0,3.05295501,Out of Stock,9.0,Active,High Margin
,4424.0,4.992992178,In Stock,41.0,Active,High Margin
,9729.0,1.735501044,,33.0,Active,High Margin
,2314.0,2.950400141,Out of Stock,34.0,Active,High Margin
,4996.5,,Out of Stock,28.0,Active,High Margin
,1322.0,,,41.0,Active,High Margin
,2153.0,3.227096171,Out of Stock,45.0,Active,High Margin
,8627.0,1.610264032,Out of Stock,,Active,High Margin
,297.0,,Out of Stock,3.0,Active,standard
C,273.0,1.418083459,,4.0,Active,standard
D,3836.0,,,31.0,Active,High Margin
,944.0,,In Stock,44.0,Active,High Margin
C,8748.0,1.527482504,,6.0,Active,High Margin
,2526.0,,,19.0,Active,High Margin
,2141.0,1.442735678,In Stock,36.0,Active,High Margin
,8942.0,4.356030324,Out of Stock,43.0,Active,High Margin
D,3311.0,3.779833637,Out of Stock,42.0,Active,High Margin
,2908.0,,Out of Stock,43.0,Active,High Margin
,3596.0,,,30.0,Active,High Margin
A,572.0,,Out of Stock,,Active,High Margin
,413.0,3.875076251,Out of Stock,24.0,Active,standard
,9448.0,,In Stock,31.0,Active,High Margin
,1476.0,3.283649655,,32.0,Active,High Margin
C,4651.0,,,29.0,Active,High Margin
A,5966.0,,,15.0,Active,High Margin
B,4688.0,1.013644458,Out of Stock,39.0,Active,High Margin
C,5135.0,1.397958088,Out of Stock,43.0,Active,High Margin
B,5835.0,,,20.0,Active,High Margin
,868.0,4.447012481,,5.0,Active,High Margin
,2951.0,,Out of Stock,37.0,Active,High Margin
C,7595.0,,,27.0,Active,High Margin
,3462.0,,Out of Stock,8.0,Active,High Margin
,5159.0,,In Stock,30.0,Active,High Margin
,1035.0,4.095231038,Out of Stock,7.0,Active,High Margin
,9682.0,4.489641074,In Stock,36.0,Active,High Margin
,2410.0,3.118344839,In Stock,,Active,High Margin
D,5841.0,4.241377172,Out of Stock,19.0,Active,High Margin
,7321.0,4.762416364,Out of Stock,,Active,High Margin
,1434.0,,In Stock,46.0,Active,High Margin
B,1076.0,3.472829215,Out of Stock,12.0,Active,High Margin
,8772.0,,Out of Stock,6.0,Active,High Margin
,6797.0,4.295197752,,32.0,Active,High Margin
,9848.0,4.571325151,Out of Stock,13.0,Active,High Margin
,4384.0,4.295469147,In Stock,5.0,Active,High Margin
,8403.0,4.420791317,In Stock,30.0,Active,High Margin
,8281.0,,In Stock,15.0,Active,High Margin
,8486.0,,In Stock,34.0,Active,High Margin
,7882.0,3.499802616,,22.0,Active,High Margin
,9644.0,,Out of Stock,7.0,Active,High Margin
A,2934.0,,Out of Stock,25.0,Active,High Margin
D,7260.0,,Out of Stock,21.0,Active,High Margin
,5015.0,4.508928573,Out of Stock,13.0,Active,High Margin
,4024.0,,,35.0,Active,High Margin
,7878.0,3.317701614,,3.0,Active,High Margin
A,4996.5,2.800727782,In Stock,6.0,Active,High Margin
,7987.0,,,39.0,Active,High Margin
,7770.0,,In Stock,44.0,Active,High Margin
B,9394.0,1.942344464,,47.0,Active,High Margin
C,1871.0,,Out of Stock,29.0,Active,High Margin
A,1499.0,,Out of Stock,38.0,Active,High Margin
,3007.0,,,7.0,Active,High Margin
,311.0,,,18.0,Active,standard
,4606.0,,In Stock,7.0,Active,High Margin
B,6898.0,,,,Active,High Margin
D,390.0,2.527515739,,6.0,Active,standard
A,3669.0,,Out of Stock,17.0,Active,High Margin
,8843.0,,,2.0,Active,High Margin
,4296.0,,In Stock,33.0,Active,High Margin
,4085.0,1.552376432,In Stock,33.0,Active,High Margin
,7738.0,3.266528515,In Stock,27.0,Active,High Margin
,7683.0,3.47373906,,45.0,Active,High Margin
C,857.0,,Out of Stock,5.0,Active,High Margin
,4996.5,,Out of Stock,,Active,High Margin
B,5499.0,4.118607925,Out of Stock,48.0,Active,High Margin
,273.0,,In Stock,5.0,Active,standard
,9571.0,,In Stock,3.0,Active,High Margin
,9471.0,,,37.0,Active,High Margin
,8513.0,1.63448425,,3.0,Active,High Margin
,8767.0,,Out of Stock,38.0,Active,High Margin
,1265.0,4.460394571,,7.0,Active,High Margin
,1780.0,2.201523166,In Stock,36.0,Active,High Margin
B,5880.0,,In Stock,43.0,Active,High Margin
,3101.0,,,35.0,Active,High Margin
,7620.0,2.758632459,In Stock,23.0,Active,High Margin
,8493.0,,,14.0,Active,High Margin
,8977.0,4.54885495,,49.0,Active,High Margin
,5680.0,1.41723833,,39.0,Active,High Margin
,9624.0,,,25.0,Active,High Margin
,263.0,4.652271734,Out of Stock,,Active,standard
,5601.0,,In Stock,32.0,Active,High Margin
,4048.0,,Out of Stock,29.0,Active,High Margin
,3898.0,1.027062133,Out of Stock,18.0,Active,High Margin
D,645.0,2.454962136,,42.0,Active,High Margin
,4059.0,,Out of Stock,36.0,Active,High Margin
,8326.0,1.338459718,In Stock,,Active,High Margin
D,1183.0,2.746028971,Out of Stock,43.0,Active,High Margin
,5963.0,,In Stock,18.0,Active,High Margin
B,5973.0,2.750414246,In Stock,42.0,Active,High Margin
,9025.0,,,27.0,Active,High Margin
D,2494.0,3.619980556,Out of Stock,,Active,High Margin
C,3836.0,,,33.0,Active,High Margin
,628.0,,Out of Stock,24.0,Active,High Margin
,5352.0,3.931256859,In Stock,9.0,Active,High Margin
,4269.0,,In Stock,26.0,Active,High Margin
A,5315.0,2.162387429,,49.0,Active,High Margin
,4996.5,4.557730651,In Stock,27.0,Active,High Margin
A,4823.0,,In Stock,35.0,Active,High Margin
,7285.0,,In Stock,9.0,Active,High Margin
B,3178.0,4.165977428,In Stock,20.0,Active,High Margin
,9449.0,,In Stock,12.0,Active,High Margin
B,7574.0,4.597769152,Out of Stock,28.0,Active,High Margin
D,4996.5,,,0.0,Active,High Margin
,4945.0,3.102738577,In Stock,27.0,Active,High Margin
A,8714.0,4.05387378,In Stock,,Active,High Margin
C,5350.0,4.408158703,Out of Stock,27.0,Active,High Margin
,4344.0,4.158135045,,12.0,Active,High Margin
B,6216.0,3.885563882,Out of Stock,10.0,Active,High Margin
,908.0,,,12.0,Active,High Margin
,5949.0,,,32.0,Active,High Margin
,4348.0,4.831264996,In Stock,37.0,Active,High Margin
D,6698.0,,,,Active,High Margin
C,8300.0,1.346404524,,29.0,Active,High Margin
,3888.0,3.038160198,,20.0,Active,High Margin
A,9854.0,2.694786816,Out of Stock,3.0,Active,High Margin
B,8598.0,4.070810494,Out of Stock,29.0,Active,High Margin
,4776.0,3.879422822,,36.0,Active,High Margin
D,3555.0,1.228609704,In Stock,,Active,High Margin
,2607.0,,In Stock,21.0,Active,High Margin
C,7122.0,,In Stock,1.0,Active,High Margin
,6550.0,1.450351704,Out of Stock,23.0,Active,High Margin
,577.0,,,20.0,Active,High Margin
,8936.0,1.934474586,,13.0,Active,High Margin
,823.0,1.094312981,In Stock,44.0,Active,High Margin
A,9852.0,2.023945041,Out of Stock,26.0,Active,High Margin
,8394.0,,Out of Stock,12.0,Active,High Margin
,9038.0,3.792991317,Out of Stock,49.0,Active,High Margin
B,5575.0,3.830638131,,28.0,Active,High Margin
C,2934.0,,In Stock,28.0,Active,High Margin
,4907.0,,Out of Stock,,Active,High Margin
C,3017.0,3.398362562,In Stock,47.0,Active,High Margin
,4996.5,2.046778923,Out of Stock,8.0,Active,High Margin
A,5842.0,,Out of Stock,40.0,Active,High Margin
,9693.0,2.760583601,,47.0,Active,High Margin
,2780.0,,In Stock,,Active,High Margin
,1160.0,4.232012628,In Stock,25.0,Active,High Margin
,1871.0,2.699047462,Out of Stock,27.0,Active,High Margin
D,9802.0,,In Stock,36.0,Active,High Margin
,9101.0,,Out of Stock,1.0,Active,High Margin
,8077.0,3.110698203,Out of Stock,20.0,Active,High Margin
,878.0,,,10.0,Active,High Margin
,4470.0,,,49.0,Active,High Margin
,9895.0,3.588648082,In Stock,5.0,Active,High Margin
A,244.0,2.263985595,In Stock,4.0,Active,standard
,7247.0,,Out of Stock,16.0,Active,High Margin
A,9997.0,,,27.0,Active,High Margin
,9958.0,4.163330986,,1.0,Active,High Margin
,1746.0,,In Stock,34.0,Active,High Margin
C,7019.0,2.301755275,,41.0,Active,High Margin
B,4996.5,1.377046094,,35.0,Active,High Margin
,3807.0,2.788718126,Out of Stock,15.0,Active,High Margin
D,5843.0,,Out of Stock,24.0,Active,High Margin
,2462.0,2.14258953,Out of Stock,,Active,High Margin
,2163.0,,In Stock,2.0,Active,High Margin
C,3097.0,,Out of Stock,28.0,Active,High Margin
,6903.0,,Out of Stock,12.0,Active,High Margin
,8516.0,3.544980062,,11.0,Active,High Margin
,4207.0,1.319022509,Out of Stock,3.0,Active,High Margin
C,2463.0,2.946698992,In Stock,45.0,Active,High Margin
,8872.0,2.328695177,,13.0,Active,High Margin
,1493.0,,Out of Stock,36.0,Active,High Margin
,1462.0,,In Stock,0.0,Active,High Margin
,3785.0,1.384911857,In Stock,2.0,Active,High Margin
,7431.0,2.221917332,Out of Stock,10.0,Active,High Margin
,4996.5,,Out of Stock,4.0,Active,High Margin
,5652.0,,Out of Stock,4.0,Active,High Margin
,4996.5,1.60752123,,14.0,Active,High Margin
,213.0,1.309339081,In Stock,30.0,Active,standard
,1054.0,,In Stock,17.0,Active,High Margin
C,5273.0,2.41368793,,10.0,Active,High Margin
,3385.0,,,31.0,Active,High Margin
,6143.0,,,11.0,Active,High Margin
,4185.0,,In Stock,13.0,Active,High Margin
,4962.0,3.120587146,Out of Stock,46.0,Active,High Margin
D,3945.0,1.873916738,,36.0,Active,High Margin
,2806.0,3.092530207,Out of Stock,28.0,Active,High Margin
,9011.0,,In Stock,,Active,High Margin
,3978.0,2.412441128,In Stock,32.0,Active,High Margin
,1707.0,,,,Active,High Margin
,1279.0,4.968169216,Out of Stock,36.0,Active,High Margin
,8705.0,4.899799222,In Stock,23.0,Active,High Margin
,7317.0,1.159973318,,0.0,Active,High Margin
,9972.0,,Out of Stock,15.0,Active,High Margin
,1155.0,,In Stock,38.0,Active,High Margin
C,7400.0,2.794173201,In Stock,18.0,Active,High Margin
,4774.0,2.311133034,Out of Stock,14.0,Active,High Margin
D,4996.5,,In Stock,40.0,Active,High Margin
B,1697.0,,,4.0,Active,High Margin
A,8483.0,,In Stock,,Active,High Margin
,687.0,1.788130319,In Stock,25.0,Active,High Margin
,8073.0,,Out of Stock,4.0,Active,High Margin
A,7280.0,2.153805081,Out of Stock,23.0,Active,High Margin
,1124.0,1.297694055,,29.0,Active,High Margin
,4419.0,,In Stock,13.0,Active,High Margin
,9324.0,3.025832704,Out of Stock,37.0,Active,High Margin
,4905.0,1.50058312,,7.0,Active,High Margin
D,4000.0,4.494689666,,,Active,High Margin
,5634.0,,Out of Stock,46.0,Active,High Margin
,7297.0,,,4.0,Active,High Margin
,5207.0,4.598479017,Out of Stock,3.0,Active,High Margin
,561.0,1.215438912,In Stock,,Active,High Margin
D,7719.0,1.955424859,In Stock,39.0,Active,High Margin
,186.0,4.1873013,,24.0,Active,standard
,5672.0,3.152687057,,27.0,Active,High Margin
,7487.0,,In Stock,21.0,Active,High Margin
D,8989.0,,,6.0,Active,High Margin
,6710.0,1.791122243,Out of Stock,27.0,Active,High Margin
,6014.0,,Out of Stock,14.0,Active,High Margin
A,5261.0,4.32659017,Out of Stock,12.0,Active,High Margin
C,9574.0,,In Stock,45.0,Active,High Margin
,3074.0,1.064510351,In Stock,34.0,Active,High Margin
,2271.0,1.599050224,Out of Stock,20.0,Active,High Margin
,347.0,,,41.0,Active,standard
A,7150.0,2.977534834,In Stock,12.0,Active,High Margin
,8468.0,,,24.0,Active,High Margin
,9742.0,4.371794267,Out of Stock,20.0,Active,High Margin
B,2659.0,4.690972541,,32.0,Active,High Margin
,528.0,,In Stock,17.0,Active,High Margin
A,4385.0,2.904320873,,2.0,Active,High Margin
C,6576.0,,In Stock,23.0,Active,High Margin
,2821.0,1.616670621,,14.0,Active,High Margin
,6812.0,,In Stock,26.0,Active,High Margin
,5077.0,,,10.0,Active,High Margin
,4175.0,,,8.0,Active,High Margin
,8341.0,1.032464768,In Stock,15.0,Active,High Margin
,6138.0,,,18.0,Active,High Margin
,7355.0,2.453411434,Out of Stock,5.0,Active,High Margin
D,8779.0,,,26.0,Active,High Margin
,124.0,,In Stock,19.0,Active,standard
,5408.0,3.772788055,Out of Stock,19.0,Active,High Margin
C,4501.0,2.295327989,In Stock,,Active,High Margin
,3751.0,4.822191172,,,Active,High Margin
D,6107.0,,,24.0,Active,High Margin
C,1258.0,4.516189227,Out of Stock,37.0,Active,High Margin
,3074.0,3.585064181,Out of Stock,24.0,Active,High Margin
A,640.0,,,26.0,Active,High Margin
D,2674.0,,In Stock,,Active,High Margin
,924.0,,,49.0,Active,High Margin
C,6491.0,3.651875309,Out of Stock,18.0,Active,High Margin
D,5957.0,,In Stock,35.0,Active,High Margin
D,263.0,,Out of Stock,19.0,Active,standard
,6311.0,4.30510536,In Stock,2.0,Active,High Margin
,1641.0,,Out of Stock,41.0,Active,High Margin
,1689.0,,In Stock,28.0,Active,High Margin
,9250.0,2.065038992,In Stock,2.0,Active,High Margin
,9210.0,1.844376017,,7.0,Active,High Margin
,4103.0,2.096919118,In Stock,14.0,Active,High Margin
,7066.0,,,21.0,Active,High Margin
,2048.0,4.117404864,,,Active,High Margin
D,446.0,2.814045332,Out of Stock,17.0,Active,standard
B,8127.0,,Out of Stock,26.0,Active,High Margin
,3012.0,1.038128379,In Stock,12.0,Active,High Margin
,2886.0,2.351454033,In Stock,7.0,Active,High Margin
,9037.0,,Out of Stock,,Active,High Margin
A,580.0,,,17.0,Active,High Margin
,1870.0,1.047904207,,15.0,Active,High Margin
,7248.0,3.575076519,In Stock,34.0,Active,High Margin
,4394.0,2.605273975,,31.0,Active,High Margin
,5408.0,2.378437337,,4.0,Active,High Margin
C,5458.0,2.097676289,Out of Stock,,Active,High Margin
C,6387.0,4.992309231,In Stock,,Active,High Margin
,9702.0,2.449885496,In Stock,48.0,Active,High Margin
,7985.0,,Out of Stock,1.0,Active,High Margin
C,3225.0,,,,Active,High Margin
,7287.0,,In Stock,27.0,Active,High Margin
,3687.0,2.929516447,Out of Stock,11.0,Active,High Margin
C,2087.0,2.647342699,In Stock,37.0,Active,High Margin
C,4756.0,1.620261043,In Stock,,Active,High Margin
D,6464.0,2.856853817,In Stock,,Active,High Margin
D,1947.0,,In Stock,42.0,Active,High Margin
B,8761.0,,In Stock,9.0,Active,High Margin
A,5528.0,,,35.0,Active,High Margin
,880.0,4.883646612,,24.0,Active,High Margin
B,855.0,2.82351236,,,Active,High Margin
,2420.0,,,25.0,Active,High Margin
D,1136.0,,In Stock,47.0,Active,High Margin
,4996.5,3.503204175,,14.0,Active,High Margin
,2585.0,,In Stock,40.0,Active,High Margin
,6359.0,3.100418041,,17.0,Active,High Margin
,8410.0,3.956249795,,7.0,Active,High Margin
,8964.0,2.854082076,Out of Stock,,Active,High Margin
,1888.0,,In Stock,37.0,Active,High Margin
,3526.0,,,8.0,Active,High Margin
,9439.0,,In Stock,32.0,Active,High Margin
,8031.0,4.025766746,,48.0,Active,High Margin
B,3263.0,,Out of Stock,30.0,Active,High Margin
,9392.0,,,7.0,Active,High Margin
,3833.0,3.864901022,,48.0,Active,High Margin
,4996.5,3.71436069,,37.0,Active,High Margin
,1962.0,1.882743758,,,Active,High Margin
,2266.0,2.533517605,,6.0,Active,High Margin
,8889.0,3.369023778,In Stock,7.0,Active,High Margin
,1253.0,,,20.0,Active,High Margin
,824.0,1.068409357,In Stock,4.0,Active,High Margin
D,3768.0,1.263782899,In Stock,40.0,Active,High Margin
A,6998.0,4.864179522,In Stock,16.0,Active,High Margin
,2074.0,3.324158951,Out of Stock,27.0,Active,High Margin
,206.0,,Out of Stock,24.0,Active,standard
,1560.0,3.934529854,Out of Stock,31.0,Active,High Margin
A,9918.0,1.118967883,,40.0,Active,High Margin
,2030.0,3.764782582,,16.0,Active,High Margin
D,3745.0,,,,Active,High Margin
,4900.0,,In Stock,4.0,Active,High Margin
,7045.0,,Out of Stock,30.0,Active,High Margin
,4714.0,4.452471942,In Stock,33.0,Active,High Margin
B,9120.0,1.507027373,,39.0,Active,High Margin
,4535.0,3.733718456,,20.0,Active,High Margin
,1218.0,1.382636405,In Stock,14.0,Active,High Margin
,7142.0,4.814401443,In Stock,2.0,Active,High Margin
A,5072.0,1.308485154,,15.0,Active,High Margin
,3168.0,,,5.0,Active,High Margin
A,7425.0,3.930987622,Out of Stock,24.0,Active,High Margin
D,4867.0,,In Stock,5.0,Active,High Margin
,9457.0,1.121511541,Out of Stock,,Active,High Margin
,5292.0,3.558405153,Out of Stock,25.0,Active,High Margin
,4072.0,4.609600421,In Stock,11.0,Active,High Margin
D,4191.0,,In Stock,43.0,Active,High Margin
,3027.0,,Out of Stock,0.0,Active,High Margin
,2249.0,,In Stock,49.0,Active,High Margin
,4287.0,2.597766762,Out of Stock,44.0,Active,High Margin
,3523.0,2.500812481,Out of Stock,32.0,Active,High Margin
D,979.0,,,27.0,Active,High Margin
D,2424.0,3.039379725,Out of Stock,32.0,Active,High Margin
,9563.0,1.103203498,Out of Stock,9.0,Active,High Margin
D,6712.0,,,36.0,Active,High Margin
,2864.0,1.374962335,In Stock,46.0,Active,High Margin
,5196.0,3.530322849,Out of Stock,35.0,Active,High Margin
A,8066.0,2.094705204,Out of Stock,21.0,Active,High Margin
,6026.0,,In Stock,40.0,Active,High Margin
,2352.0,,Out of Stock,11.0,Active,High Margin
D,5589.0,4.085492347,In Stock,19.0,Active,High Margin
,894.0,,,17.0,Active,High Margin
,5496.0,1.200074335,,14.0,Active,High Margin
,2779.0,4.351952164,Out of Stock,45.0,Active,High Margin
,752.0,,In Stock,31.0,Active,High Margin
A,4745.0,,,5.0,Active,High Margin
,7978.0,3.801318375,In Stock,32.0,Active,High Margin
B,6583.0,3.828275752,,36.0,Active,High Margin
C,347.0,,Out of Stock,0.0,Active,standard
,7020.0,3.891771576,In Stock,21.0,Active,High Margin
B,1973.0,4.273512442,,,Active,High Margin
C,3151.0,,,29.0,Active,High Margin
,7179.0,4.194326328,,20.0,Active,High Margin
,294.0,,In Stock,38.0,Active,standard
B,3166.0,,Out of Stock,20.0,Active,High Margin
,6922.0,,,40.0,Active,High Margin
,3695.0,,In Stock,4.0,Active,High Margin
,5273.0,,In Stock,26.0,Active,High Margin
,1585.0,,,,Active,High Margin
,6691.0,2.121157901,Out of Stock,39.0,Active,High Margin
B,1354.0,4.168446392,In Stock,14.0,Active,High Margin
C,879.0,,,47.0,Active,High Margin
,6397.0,4.529676872,Out of Stock,2.0,Active,High Margin
,5320.0,,In Stock,,Active,High Margin
,7930.0,,,38.0,Active,High Margin
,4330.0,2.569388962,Out of Stock,5.0,Active,High Margin
C,4990.0,3.35405353,In Stock,,Active,High Margin
D,6828.0,3.950308608,,29.0,Active,High Margin
,2224.0,,Out of Stock,25.0,Active,High Margin
D,5103.0,,,3.0,Active,High Margin
A,3946.0,3.07696013,Out of Stock,19.0,Active,High Margin
,4996.5,,Out of Stock,17.0,Active,High Margin
C,475.0,,,20.0,Active,standard
C,3208.0,1.755953974,,30.0,Active,High Margin
,1450.0,3.681593384,In Stock,4.0,Active,High Margin
C,9312.0,,Out of Stock,36.0,Active,High Margin
,800.0,2.041203499,Out of Stock,26.0,Active,High Margin
,5001.0,,Out of Stock,18.0,Active,High Margin
C,1358.0,1.510616146,In Stock,29.0,Active,High Margin
C,4521.0,,Out of Stock,6.0,Active,High Margin
A,2047.0,2.871748455,,42.0,Active,High Margin
C,1277.0,1.15963685,,15.0,Active,High Margin
B,2449.0,,,44.0,Active,High Margin
D,1090.0,,Out of Stock,40.0,Active,High Margin
,4751.0,2.182610295,In Stock,16.0,Active,High Margin
A,3658.0,3.97162635,In Stock,3.0,Active,High Margin
,8450.0,1.983625303,,11.0,Active,High Margin
,8158.0,4.656888736,In Stock,20.0,Active,High Margin
,2865.0,,,23.0,Active,High Margin
,7038.0,1.886192103,In Stock,13.0,Active,High Margin
,9441.0,,Out of Stock,32.0,Active,High Margin
,5520.0,,In Stock,47.0,Active,High Margin
,403.0,4.828010404,,20.0,Active,standard
,5048.0,,Out of Stock,28.0,Active,High Margin
,4996.5,3.576631706,,46.0,Active,High Margin
C,3163.0,1.930078186,In Stock,0.0,Active,High Margin
B,2807.0,1.3806677,Out of Stock,34.0,Active,High Margin
,5702.0,3.349045531,In Stock,3.0,Active,High Margin
A,3099.0,,Out of Stock,5.0,Active,High Margin
A,4021.0,,Out of Stock,44.0,Active,High Margin
C,6886.0,,In Stock,18.0,Active,High Margin
,9525.0,,,13.0,Active,High Margin
B,1580.0,1.25118001,In Stock,20.0,Active,High Margin
,5997.0,,In Stock,10.0,Active,High Margin
,5985.0,1.619002224,,15.0,Active,High Margin
,6216.0,3.747790804,In Stock,24.0,Active,High Margin
,9867.0,2.01974112,Out of Stock,45.0,Active,High Margin
,9784.0,1.892257089,,49.0,Active,High Margin
,6890.0,,Out of Stock,19.0,Active,High Margin
,6174.0,,,39.0,Active,High Margin
A,6101.0,4.528658033,,17.0,Active,High Margin
,7910.0,,Out of Stock,35.0,Active,High Margin
,4898.0,2.731384004,,0.0,Active,High Margin
,9068.0,2.942293802,,19.0,Active,High Margin
,4996.5,,,42.0,Active,High Margin
,7118.0,4.56690104,In Stock,45.0,Active,High Margin
C,892.0,1.314670841,Out of Stock,41.0,Active,High Margin
B,7612.0,,Out of Stock,30.0,Active,High Margin
B,5182.0,1.82776052,Out of Stock,1.0,Active,High Margin
C,2312.0,3.325562275,Out of Stock,16.0,Active,High Margin
D,8314.0,4.471499098,,7.0,Active,High Margin
,2770.0,,,,Active,High Margin
,8300.0,3.255242956,Out of Stock,25.0,Active,High Margin
A,112.0,3.734403232,Out of Stock,23.0,Active,standard
,6288.0,4.902741921,Out of Stock,2.0,Active,High Margin
D,795.0,,Out of Stock,8.0,Active,High Margin
A,1516.0,,In Stock,14.0,Active,High Margin
C,6679.0,,In Stock,21.0,Active,High Margin
,9725.0,,Out of Stock,49.0,Active,High Margin
B,6602.0,1.629195704,Out of Stock,28.0,Active,High Margin
,8104.0,3.172666913,In Stock,23.0,Active,High Margin
,5351.0,,In Stock,1.0,Active,High Margin
,7740.0,,Out of Stock,16.0,Active,High Margin
,5409.0,1.124400294,In Stock,9.0,Active,High Margin
,6005.0,,In Stock,,Active,High Margin
C,3675.0,,In Stock,16.0,Active,High Margin
,9989.0,2.084323978,Out of Stock,,Active,High Margin
,654.0,,,14.0,Active,High Margin
B,2775.0,,,11.0,Active,High Margin
,6874.0,4.616561392,Out of Stock,44.0,Active,High Margin
,4404.0,,In Stock,13.0,Active,High Margin
,9634.0,,Out of Stock,22.0,Active,High Margin
,8326.0,3.81852875,,12.0,Active,High Margin
,4276.0,,Out of Stock,,Active,High Margin
,4602.0,1.710344906,In Stock,,Active,High Margin
,4720.0,2.55641981,Out of Stock,46.0,Active,High Margin
C,9177.0,3.929974909,,42.0,Active,High Margin
,6506.0,,,21.0,Active,High Margin
,131.0,,In Stock,39.0,Active,standard
C,9841.0,3.809413787,In Stock,42.0,Active,High Margin
,500.0,,Out of Stock,27.0,Active,standard
,2676.0,,Out of Stock,33.0,Active,High Margin
D,3890.0,,,46.0,Active,High Margin
,8503.0,3.728815504,In Stock,,Active,High Margin
,1216.0,,In Stock,32.0,Active,High Margin
,551.0,,,,Active,High Margin
,6248.0,,,15.0,Active,High Margin
,7957.0,3.71140148,,1.0,Active,High Margin
B,6456.0,4.790299402,Out of Stock,15.0,Active,High Margin
A,4996.5,,Out of Stock,48.0,Active,High Margin
,2652.0,,,34.0,Active,High Margin
C,624.0,1.177298885,Out of Stock,40.0,Active,High Margin
,1293.0,1.518004065,,44.0,Active,High Margin
D,1172.0,,Out of Stock,24.0,Active,High Margin
B,7431.0,3.517445629,Out of Stock,20.0,Active,High Margin
,6956.0,,Out of Stock,16.0,Active,High Margin
,9083.0,,,44.0,Active,High Margin
,7418.0,,In Stock,36.0,Active,High Margin
B,8711.0,4.488839993,In Stock,5.0,Active,High Margin
,4384.0,1.234584941,Out of Stock,25.0,Active,High Margin
,5235.0,3.155887015,In Stock,32.0,Active,High Margin
C,4162.0,1.506986947,,23.0,Active,High Margin
,2278.0,,,28.0,Active,High Margin
C,2279.0,4.508940519,,2.0,Active,High Margin
,5647.0,2.381149849,,3.0,Active,High Margin
A,3118.0,3.556225067,Out of Stock,49.0,Active,High Margin
B,2875.0,2.684606273,In Stock,13.0,Active,High Margin
,1936.0,,,32.0,Active,High Margin
,4910.0,1.320688328,In Stock,7.0,Active,High Margin
C,7834.0,,,30.0,Active,High Margin
D,2626.0,2.371213005,Out of Stock,22.0,Active,High Margin
C,3343.0,,,6.0,Active,High Margin
B,3382.0,4.054222016,Out of Stock,,Active,High Margin
C,5952.0,,,41.0,Active,High Margin
,2934.0,2.430425516,,17.0,Active,High Margin
,6123.0,4.218019506,,24.0,Active,High Margin
,280.0,2.0343442,Out of Stock,0.0,Active,standard
A,1456.0,,In Stock,41.0,Active,High Margin
A,9943.0,,In Stock,48.0,Active,High Margin
D,6564.0,,Out of Stock,23.0,Active,High Margin
B,1558.0,,In Stock,17.0,Active,High Margin
A,6297.0,4.575080452,Out of Stock,5.0,Active,High Margin
,5821.0,,Out of Stock,31.0,Active,High Margin
A,4611.0,1.598747854,Out of Stock,19.0,Active,High Margin
,3669.0,1.912336577,,42.0,Active,High Margin
,8028.0,,,28.0,Active,High Margin
,7682.0,,Out of Stock,45.0,Active,High Margin
,7939.0,,,45.0,Active,High Margin
A,8332.0,2.319985366,Out of Stock,46.0,Active,High Margin
,7043.0,2.708139943,In Stock,28.0,Active,High Margin
C,4739.0,,Out of Stock,0.0,Active,High Margin
B,395.0,,In Stock,40.0,Active,standard
,669.0,1.902966551,Out of Stock,28.0,Active,High Margin
B,289.0,,,31.0,Active,standard
B,8766.0,3.383382749,,24.0,Active,High Margin
D,4709.0,,,17.0,Active,High Margin
,8181.0,,,30.0,Active,High Margin
,3425.0,2.33567692,In Stock,16.0,Active,High Margin
D,875.0,2.873781117,Out of Stock,28.0,Active,High Margin
C,1349.0,3.687130177,Out of Stock,35.0,Active,High Margin
,403.0,3.83780763,,41.0,Active,standard
C,4996.5,1.143906406,Out of Stock,1.0,Active,High Margin
,3511.0,2.448489928,,2.0,Active,High Margin
,5311.0,2.152983146,,23.0,Active,High Margin
,935.0,4.572810906,In Stock,27.0,Active,High Margin
,7500.0,,In Stock,27.0,Active,High Margin
,5323.0,1.07846505,Out of Stock,,Active,High Margin
D,112.0,,In Stock,48.0,Active,standard
C,2241.0,,,,Active,High Margin
B,8056.0,,Out of Stock,25.0,Active,High Margin
,2317.0,,,14.0,Active,High Margin
,7173.0,,,39.0,Active,High Margin
,3150.0,,In Stock,18.0,Active,High Margin
,7280.0,4.51206597,Out of Stock,21.0,Active,High Margin
,3127.0,4.084090221,Out of Stock,41.0,Active,High Margin
,3947.0,3.268254866,In Stock,31.0,Active,High Margin
,9630.0,4.945855833,Out of Stock,29.0,Active,High Margin
A,2733.0,4.148877745,,6.0,Active,High Margin
,6069.0,,Out of Stock,15.0,Active,High Margin
A,6606.0,,Out of Stock,,Active,High Margin
,861.0,4.730122893,,36.0,Active,High Margin
D,7379.0,,In Stock,34.0,Active,High Margin
,290.0,,In Stock,20.0,Active,standard
B,2320.0,,Out of Stock,38.0,Active,High Margin
,9027.0,1.80995488,,45.0,Active,High Margin
,966.0,3.375129475,Out of Stock,3.0,Active,High Margin
,5295.0,2.608595773,,37.0,Active,High Margin
,6518.0,,In Stock,15.0,Active,High Margin
,6585.0,,In Stock,36.0,Active,High Margin
A,3403.0,4.362112541,,22.0,Active,High Margin
,3464.0,2.925994185,,46.0,Active,High Margin
,3221.0,,,1.0,Active,High Margin
,2151.0,3.242911543,In Stock,2.0,Active,High Margin
,8745.0,,In Stock,6.0,Active,High Margin
C,9500.0,1.087394887,In Stock,30.0,Active,High Margin
,8914.0,1.202121557,In Stock,3.0,Active,High Margin
B,5449.0,,,29.0,Active,High Margin
D,2442.0,,In Stock,2.0,Active,High Margin
B,166.0,4.166715606,Out of Stock,1.0,Active,standard
A,9133.0,2.298279712,,27.0,Active,High Margin
,849.0,,In Stock,4.0,Active,High Margin
,7952.0,,,16.0,Active,High Margin
,3089.0,3.318273233,In Stock,30.0,Active,High Margin
,608.0,3.892560344,In Stock,,Active,High Margin
D,7118.0,2.458454897,Out of Stock,43.0,Active,High Margin
,5413.0,,In Stock,10.0,Active,High Margin
A,4951.0,4.883902536,Out of Stock,23.0,Active,High Margin
C,3304.0,,Out of Stock,,Active,High Margin
B,2815.0,1.272567327,In Stock,1.0,Active,High Margin
D,6426.0,,Out of Stock,1.0,Active,High Margin
,2144.0,,Out of Stock,38.0,Active,High Margin
B,5297.0,,In Stock,48.0,Active,High Margin
,3272.0,2.73512497,,,Active,High Margin
,8032.0,3.723883484,Out of Stock,32.0,Active,High Margin
,719.0,4.58947814,In Stock,5.0,Active,High Margin
,8871.0,3.246428037,Out of Stock,37.0,Active,High Margin
,3856.0,,In Stock,23.0,Active,High Margin
B,373.0,2.25544132,In Stock,0.0,Active,standard
,9605.0,3.890908494,,43.0,Active,High Margin
A,5974.0,,In Stock,48.0,Active,High Margin
,6037.0,4.044920555,In Stock,35.0,Active,High Margin
,7565.0,,In Stock,18.0,Active,High Margin
,3424.0,4.173073872,In Stock,42.0,Active,High Margin
B,9809.0,,In Stock,25.0,Active,High Margin
,1729.0,,In Stock,3.0,Active,High Margin
A,3763.0,4.543244287,Out of Stock,13.0,Active,High Margin
,1563.0,3.556134769,,42.0,Active,High Margin
,171.0,,Out of Stock,30.0,Active,standard
,2167.0,4.536215766,Out of Stock,34.0,Active,High Margin
C,4996.5,3.32851715,Out of Stock,20.0,Active,High Margin
D,9254.0,3.950844613,Out of Stock,6.0,Active,High Margin
,3513.0,,,26.0,Active,High Margin
B,9381.0,,Out of Stock,7.0,Active,High Margin
A,153.0,4.507532756,In Stock,8.0,Active,standard
,805.0,,Out of Stock,29.0,Active,High Margin
,7499.0,3.516372466,In Stock,41.0,Active,High Margin
C,1549.0,4.920106008,Out of Stock,49.0,Active,High Margin
,6118.0,3.641199283,Out of Stock,45.0,Active,High Margin
C,8208.0,,Out of Stock,24.0,Active,High Margin
,3830.0,4.962053876,In Stock,18.0,Active,High Margin
D,4996.5,2.264254027,Out of Stock,14.0,Active,High Margin
A,2047.0,,In Stock,37.0,Active,High Margin
A,4124.0,,,15.0,Active,High Margin
,8083.0,2.385586145,,46.0,Active,High Margin
,3668.0,,Out of Stock,20.0,Active,High Margin
A,1516.0,3.065365955,Out of Stock,26.0,Active,High Margin
,7292.0,1.956199614,Out of Stock,38.0,Active,High Margin
,6583.0,,Out of Stock,19.0,Active,High Margin
,2697.0,,Out of Stock,6.0,Active,High Margin
,8440.0,,Out of Stock,48.0,Active,High Margin
C,131.0,1.51323162,Out of Stock,34.0,Active,standard
,6890.0,1.100953192,,32.0,Active,High Margin
,9386.0,,In Stock,27.0,Active,High Margin
C,4235.0,,Out of Stock,8.0,Active,High Margin
D,583.0,,In Stock,18.0,Active,High Margin
,9994.0,,In Stock,4.0,Active,High Margin
,4996.5,,Out of Stock,35.0,Active,High Margin
C,4555.0,,In Stock,47.0,Active,High Margin
,9325.0,3.912300255,,19.0,Active,High Margin
,2922.0,,,27.0,Active,High Margin
,9054.0,,Out of Stock,28.0,Active,High Margin
,1088.0,,,27.0,Active,High Margin
C,4784.0,1.5226825,In Stock,48.0,Active,High Margin
,4739.0,4.708687629,,44.0,Active,High Margin
D,9313.0,2.957391034,,34.0,Active,High Margin
,965.0,1.200632672,,28.0,Active,High Margin
,9858.0,,,4.0,Active,High Margin
A,1988.0,,,,Active,High Margin
B,4996.5,2.995165679,,36.0,Active,High Margin
C,6600.0,,In Stock,27.0,Active,High Margin
,9365.0,,In Stock,10.0,Active,High Margin
,8853.0,,In Stock,41.0,Active,High Margin
,1751.0,1.222869787,,34.0,Active,High Margin
C,1125.0,2.84810954,In Stock,40.0,Active,High Margin
D,4078.0,,In Stock,23.0,Active,High Margin
C,5176.0,4.094455392,Out of Stock,40.0,Active,High Margin
,594.0,4.612715087,In Stock,41.0,Active,High Margin
,9696.0,4.368413918,,7.0,Active,High Margin
,7626.0,,Out of Stock,,Active,High Margin
,501.0,,Out of Stock,27.0,Active,High Margin
,8055.0,2.693083658,,47.0,Active,High Margin
,1548.0,,In Stock,30.0,Active,High Margin
,1832.0,,In Stock,21.0,Active,High Margin
D,8140.0,2.238667588,,31.0,Active,High Margin
,9997.0,3.678127909,Out of Stock,44.0,Active,High Margin
,7582.0,2.301720913,Out of Stock,34.0,Active,High Margin
B,6219.0,,Out of Stock,3.0,Active,High Margin
,9824.0,,Out of Stock,12.0,Active,High Margin
,6090.0,,,20.0,Active,High Margin
,3679.0,2.005126751,,,Active,High Margin
C,9200.0,2.975865771,,36.0,Active,High Margin
C,4996.5,4.046168596,In Stock,32.0,Active,High Margin
,442.0,4.035409477,,4.0,Active,standard
D,1991.0,,In Stock,48.0,Active,High Margin
,8502.0,,Out of Stock,1.0,Active,High Margin
,9515.0,,Out of Stock,20.0,Active,High Margin
B,6835.0,3.977712863,In Stock,24.0,Active,High Margin
,5455.0,2.10595801,In Stock,15.0,Active,High Margin
,9713.0,,Out of Stock,7.0,Active,High Margin
D,119.0,4.179211665,In Stock,0.0,Active,standard
A,4996.5,,Out of Stock,42.0,Active,High Margin
D,8350.0,,In Stock,36.0,Active,High Margin
B,6956.0,,,9.0,Active,High Margin
,6383.0,1.714502466,Out of Stock,17.0,Active,High Margin
D,9870.0,4.806402982,,16.0,Active,High Margin
,6077.0,4.112006658,In Stock,36.0,Active,High Margin
,1726.0,1.642240023,Out of Stock,13.0,Active,High Margin
,1551.0,3.181128305,Out of Stock,24.0,Active,High Margin
B,8761.0,1.172397692,Out of Stock,10.0,Active,High Margin
,3360.0,3.335068166,Out of Stock,25.0,Active,High Margin
B,9435.0,,Out of Stock,28.0,Active,High Margin
,1383.0,,Out of Stock,33.0,Active,High Margin
A,7850.0,4.088746886,,44.0,Active,High Margin
,2482.0,,In Stock,27.0,Active,High Margin
,4631.0,,,27.0,Active,High Margin
,4182.0,3.60063252,,17.0,Active,High Margin
,4609.0,2.207232284,,37.0,Active,High Margin
,6278.0,1.931394705,,39.0,Active,High Margin
,3840.0,4.577775186,Out of Stock,,Active,High Margin
,6500.0,3.783268324,In Stock,10.0,Active,High Margin
B,6014.0,2.740670958,In Stock,7.0,Active,High Margin
,428.0,3.63592821,In Stock,12.0,Active,standard
,8425.0,2.906806363,In Stock,9.0,Active,High Margin
,5710.0,1.583529639,In Stock,49.0,Active,High Margin
,8988.0,,Out of Stock,13.0,Active,High Margin
,6998.0,2.148496925,In Stock,25.0,Active,High Margin
,2773.0,1.455846431,Out of Stock,,Active,High Margin
D,1392.0,,,19.0,Active,High Margin
,3555.0,,,,Active,High Margin
,8198.0,2.676582155,In Stock,0.0,Active,High Margin
,4996.5,,Out of Stock,5.0,Active,High Margin
,1864.0,,Out of Stock,38.0,Active,High Margin
,4316.0,,In Stock,26.0,Active,High Margin
,1976.0,3.783491185,In Stock,10.0,Active,High Margin
,4996.5,,Out of Stock,45.0,Active,High Margin
A,401.0,,In Stock,17.0,Active,standard
,8910.0,4.211192726,Out of Stock,40.0,Active,High Margin
B,2001.0,,,25.0,Active,High Margin
D,552.0,3.703676824,,14.0,Active,High Margin
C,2412.0,2.124738196,Out of Stock,,Active,High Margin
,5587.0,2.374129158,In Stock,7.0,Active,High Margin
A,5662.0,4.037608459,Out of Stock,,Active,High Margin
,3851.0,2.352797387,,16.0,Active,High Margin
,3829.0,,,25.0,Active,High Margin
,3426.0,2.927837034,,0.0,Active,High Margin
,3606.0,,Out of Stock,,Active,High Margin
,5359.0,4.364568268,In Stock,42.0,Active,High Margin
,4996.5,3.182308975,Out of Stock,12.0,Active,High Margin
C,3638.0,,,,Active,High Margin
D,1487.0,,In Stock,11.0,Active,High Margin
,2516.0,,In Stock,9.0,Active,High Margin
C,9620.0,,In Stock,2.0,Active,High Margin
,1838.0,3.238279292,Out of Stock,48.0,Active,High Margin
D,1062.0,,In Stock,40.0,Active,High Margin
,8570.0,1.931346789,,33.0,Active,High Margin
,4883.0,,,9.0,Active,High Margin
A,3539.0,,,41.0,Active,High Margin
,1409.0,,,13.0,Active,High Margin
,9160.0,1.586042717,In Stock,32.0,Active,High Margin
C,3238.0,,,,Active,High Margin
,1315.0,2.186905606,Out of Stock,7.0,Active,High Margin
,4360.0,1.356742976,Out of Stock,28.0,Active,High Margin
B,7475.0,1.385387499,Out of Stock,44.0,Active,High Margin
B,2134.0,3.116371447,Out of Stock,0.0,Active,High Margin
,5380.0,1.430958396,,10.0,Active,High Margin
,5532.0,2.811304892,,33.0,Active,High Margin
C,7953.0,2.730075164,Out of Stock,49.0,Active,High Margin
A,6696.0,4.013771784,,5.0,Active,High Margin
,5120.0,3.654858545,,5.0,Active,High Margin
,3587.0,4.536298375,,9.0,Active,High Margin
,1044.0,,,49.0,Active,High Margin
,7669.0,2.95992676,Out of Stock,30.0,Active,High Margin
A,4253.0,4.804198444,,20.0,Active,High Margin
D,2581.0,,In Stock,34.0,Active,High Margin
,5096.0,3.262752044,Out of Stock,36.0,Active,High Margin
,3339.0,4.36829282,Out of Stock,9.0,Active,High Margin
,2733.0,1.192614575,,5.0,Active,High Margin
,2842.0,,Out of Stock,44.0,Active,High Margin
,2672.0,2.458226483,Out of Stock,43.0,Active,High Margin
C,8351.0,,In Stock,23.0,Active,High Margin
,3539.0,4.752877453,Out of Stock,11.0,Active,High Margin
B,8442.0,,In Stock,1.0,Active,High Margin
,2954.0,,,1.0,Active,High Margin
,582.0,4.42927394,Out of Stock,34.0,Active,High Margin
,6985.0,2.370203776,Out of Stock,5.0,Active,High Margin
,9636.0,,In Stock,30.0,Active,High Margin
,2025.0,1.686749081,In Stock,1.0,Active,High Margin
C,6339.0,4.250495609,Out of Stock,19.0,Active,High Margin
,4996.5,1.182946634,Out of Stock,49.0,Active,High Margin
,6791.0,1.921698704,,46.0,Active,High Margin
,5205.0,,In Stock,37.0,Active,High Margin
C,6045.0,,In Stock,42.0,Active,High Margin
A,2156.0,,Out of Stock,36.0,Active,High Margin
,9669.0,4.278285409,In Stock,8.0,Active,High Margin
C,1611.0,,,9.0,Active,High Margin
,6212.0,1.888878006,In Stock,20.0,Active,High Margin
,5198.0,2.196846365,In Stock,25.0,Active,High Margin
D,6016.0,4.534167323,,46.0,Active,High Margin
,3340.0,,In Stock,21.0,Active,High Margin
,2028.0,,Out of Stock,38.0,Active,High Margin
,5756.0,2.133831431,In Stock,35.0,Active,High Margin
,4456.0,1.343250876,Out of Stock,31.0,Active,High Margin
,3194.0,1.695714721,Out of Stock,45.0,Active,High Margin
,8507.0,2.200805558,In Stock,28.0,Active,High Margin
,5641.0,,Out of Stock,47.0,Active,High Margin
,7273.0,,In Stock,,Active,High Margin
B,9134.0,,Out of Stock,23.0,Active,High Margin
,4183.0,3.819718013,In Stock,40.0,Active,High Margin
D,3285.0,3.572289225,,15.0,Active,High Margin
,7423.0,3.855835223,Out of Stock,28.0,Active,High Margin
,2646.0,,In Stock,15.0,Active,High Margin
C,5608.0,1.563891387,Out of Stock,,Active,High Margin
C,4045.0,2.865941678,In Stock,20.0,Active,High Margin
,9027.0,,Out of Stock,28.0,Active,High Margin
,6895.0,3.741161527,Out of Stock,7.0,Active,High Margin
D,3259.0,2.392976277,Out of Stock,32.0,Active,High Margin
,2013.0,,In Stock,37.0,Active,High Margin
,2471.0,,Out of Stock,41.0,Active,High Margin
,6662.0,2.181852873,,33.0,Active,High Margin
A,3057.0,4.076127733,In Stock,12.0,Active,High Margin
B,7472.0,3.578031498,In Stock,42.0,Active,High Margin
,1104.0,4.785500296,,6.0,Active,High Margin
,4059.0,,Out of Stock,14.0,Active,High Margin
D,2158.0,,In Stock,44.0,Active,High Margin
,9575.0,4.054977458,In Stock,40.0,Active,High Margin
,3283.0,3.327648852,In Stock,18.0,Active,High Margin
,4299.0,,,7.0,Active,High Margin
,4996.5,,,9.0,Active,High Margin
A,8204.0,,,6.0,Active,High Margin
B,2720.0,,In Stock,22.0,Active,High Margin
A,6758.0,,Out of Stock,13.0,Active,High Margin
,6897.0,1.57405916,,6.0,Active,High Margin
,7198.0,,In Stock,39.0,Active,High Margin
,4996.5,,Out of Stock,26.0,Active,High Margin
,7058.0,,In Stock,,Active,High Margin
,3645.0,,,40.0,Active,High Margin
,2232.0,2.611998099,Out of Stock,,Active,High Margin
A,9891.0,1.990890377,In Stock,19.0,Active,High Margin
,4056.0,3.283151787,Out of Stock,19.0,Active,High Margin
A,2157.0,,,40.0,Active,High Margin
,2233.0,2.88794846,,39.0,Active,High Margin
,6697.0,,In Stock,5.0,Active,High Margin
,5432.0,3.658406404,,13.0,Active,High Margin
,623.0,1.889737196,Out of Stock,12.0,Active,High Margin
C,2900.0,,,19.0,Active,High Margin
,8787.0,1.500033671,Out of Stock,49.0,Active,High Margin
,1861.0,,,44.0,Active,High Margin
,9223.0,,In Stock,18.0,Active,High Margin
,1561.0,3.200439197,Out of Stock,0.0,Active,High Margin
,2376.0,,Out of Stock,,Active,High Margin
,2974.0,4.709057943,,37.0,Active,High Margin
,5019.0,,In Stock,46.0,Active,High Margin
,4841.0,2.806047932,In Stock,33.0,Active,High Margin
,7471.0,,Out of Stock,0.0,Active,High Margin
,7581.0,1.385883434,,36.0,Active,High Margin
A,9813.0,,In Stock,25.0,Active,High Margin
,9620.0,3.62842579,Out of Stock,3.0,Active,High Margin
,825.0,,In Stock,14.0,Active,High Margin
,6980.0,,Out of Stock,20.0,Active,High Margin
A,7138.0,4.222495917,Out of Stock,25.0,Active,High Margin
,9022.0,,Out of Stock,33.0,Active,High Margin
,8301.0,,,15.0,Active,High Margin
,2101.0,,,35.0,Active,High Margin
,8317.0,,Out of Stock,41.0,Active,High Margin
C,907.0,,Out of Stock,0.0,Active,High Margin
,5703.0,3.772279554,,9.0,Active,High Margin
,8069.0,,,,Active,High Margin
,911.0,2.488421943,In Stock,39.0,Active,High Margin
,3227.0,,In Stock,3.0,Active,High Margin
D,4594.0,3.538718468,,31.0,Active,High Margin
,9674.0,,Out of Stock,42.0,Active,High Margin
,719.0,,Out of Stock,24.0,Active,High Margin
,8483.0,1.737227097,,,Active,High Margin
D,7190.0,3.85765899,Out of Stock,21.0,Active,High Margin
C,4996.5,,In Stock,25.0,Active,High Margin
,7060.0,3.864908912,,1.0,Active,High Margin
,6368.0,,Out of Stock,2.0,Active,High Margin
,539.0,,Out of Stock,16.0,Active,High Margin
,1432.0,4.478627069,,32.0,Active,High Margin
,6780.0,2.904438245,In Stock,9.0,Active,High Margin
,6806.0,,,32.0,Active,High Margin
,8433.0,,Out of Stock,40.0,Active,High Margin
,6674.0,2.003900119,In Stock,46.0,Active,High Margin
,627.0,1.794255371,Out of Stock,36.0,Active,High Margin
,1476.0,,,1.0,Active,High Margin
B,7555.0,,In Stock,43.0,Active,High Margin
C,1857.0,2.876306133,In Stock,14.0,Active,High Margin
,4994.0,4.712620773,In Stock,13.0,Active,High Margin
,4663.0,,,32.0,Active,High Margin
,2300.0,,,,Active,High Margin
D,5602.0,4.587783752,In Stock,36.0,Active,High Margin
,4392.0,,Out of Stock,33.0,Active,High Margin
,9731.0,1.448890741,,46.0,Active,High Margin
,483.0,,Out of Stock,12.0,Active,standard
A,4431.0,,Out of Stock,23.0,Active,High Margin
,7386.0,4.240952423,Out of Stock,38.0,Active,High Margin
,2287.0,3.138240023,In Stock,7.0,Active,High Margin
D,8128.0,2.071935101,In Stock,24.0,Active,High Margin
,430.0,1.935137731,In Stock,,Active,standard
,6445.0,,In Stock,17.0,Active,High Margin
B,5140.0,2.447585242,Out of Stock,17.0,Active,High Margin
,8136.0,2.085696926,,,Active,High Margin
D,9895.0,1.941967631,In Stock,,Active,High Margin
,1193.0,,,49.0,Active,High Margin
B,107.0,2.37499499,In Stock,,Active,standard
A,1151.0,4.488094882,In Stock,20.0,Active,High Margin
D,7682.0,1.977369897,In Stock,23.0,Active,High Margin
,6710.0,,,33.0,Active,High Margin
,6186.0,,,,Active,High Margin
A,6258.0,,Out of Stock,8.0,Active,High Margin
,7678.0,4.201776541,Out of Stock,49.0,Active,High Margin
D,5229.0,,Out of Stock,37.0,Active,High Margin
,5768.0,,Out of Stock,17.0,Active,High Margin
,6998.0,,In Stock,47.0,Active,High Margin
,6759.0,,Out of Stock,14.0,Active,High Margin
,3274.0,,Out of Stock,20.0,Active,High Margin
A,8139.0,,,33.0,Active,High Margin
,1739.0,1.96678045,In Stock,5.0,Active,High Margin
,6363.0,,Out of Stock,13.0,Active,High Margin
B,3370.0,,,48.0,Active,High Margin
A,4865.0,,,41.0,Active,High Margin
,6655.0,,In Stock,43.0,Active,High Margin
,7983.0,3.376645498,Out of Stock,24.0,Active,High Margin
A,3592.0,3.79697767,Out of Stock,35.0,Active,High Margin
A,887.0,3.99844334,Out of Stock,0.0,Active,High Margin
D,6341.0,3.56241199,Out of Stock,12.0,Active,High Margin
,9170.0,,Out of Stock,30.0,Active,High Margin
C,6262.0,2.957987474,Out of Stock,29.0,Active,High Margin
A,3507.0,,,,Active,High Margin
C,7487.0,,,9.0,Active,High Margin
,4370.0,2.824532235,In Stock,24.0,Active,High Margin
,9091.0,2.169037208,In Stock,,Active,High Margin
B,9419.0,,In Stock,32.0,Active,High Margin
D,7158.0,4.549776812,,20.0,Active,High Margin
,558.0,,,23.0,Active,High Margin
A,5071.0,3.550438905,,26.0,Active,High Margin
,1544.0,4.967522773,Out of Stock,3.0,Active,High Margin
,2514.0,4.558071663,,40.0,Active,High Margin
,4778.0,4.37669173,Out of Stock,17.0,Active,High Margin
,1190.0,,Out of Stock,2.0,Active,High Margin
,9790.0,3.329885459,In Stock,23.0,Active,High Margin
,6743.0,2.716944879,,44.0,Active,High Margin
D,6481.0,3.807816377,Out of Stock,43.0,Active,High Margin
A,4013.0,,Out of Stock,46.0,Active,High Margin
,7307.0,,,14.0,Active,High Margin
,2833.0,3.540633253,Out of Stock,,Active,High Margin
,5000.0,,Out of Stock,11.0,Active,High Margin
,863.0,,,30.0,Active,High Margin
D,4094.0,2.927543713,Out of Stock,,Active,High Margin
D,3931.0,,Out of Stock,34.0,Active,High Margin
,5700.0,,In Stock,36.0,Active,High Margin
,3748.0,,Out of Stock,28.0,Active,High Margin
,6687.0,,Out of Stock,,Active,High Margin
D,7598.0,,Out of Stock,27.0,Active,High Margin
B,954.0,3.123073696,,20.0,Active,High Margin
,269.0,,Out of Stock,49.0,Active,standard
,9488.0,,In Stock,,Active,High Margin
,3329.0,1.51693921,Out of Stock,26.0,Active,High Margin
,8863.0,,Out of Stock,48.0,Active,High Margin
,7314.0,4.110628554,,,Active,High Margin
,9433.0,4.680191712,Out of Stock,0.0,Active,High Margin
,9716.0,4.763732905,In Stock,41.0,Active,High Margin
,7343.0,,In Stock,,Active,High Margin
B,4927.0,,Out of Stock,17.0,Active,High Margin
A,3874.0,3.26613241,,0.0,Active,High Margin
B,9209.0,1.285518744,,15.0,Active,High Margin
,4996.5,,In Stock,7.0,Active,High Margin
,8589.0,1.415502028,In Stock,31.0,Active,High Margin
,9238.0,,,39.0,Active,High Margin
,4621.0,,In Stock,25.0,Active,High Margin
C,9601.0,1.232166249,Out of Stock,29.0,Active,High Margin
B,6512.0,2.098468779,In Stock,34.0,Active,High Margin
,2763.0,,Out of Stock,41.0,Active,High Margin
,9030.0,,,32.0,Active,High Margin
,2846.0,2.877846173,Out of Stock,28.0,Active,High Margin
,5562.0,3.313284516,In Stock,6.0,Active,High Margin
,894.0,,Out of Stock,2.0,Active,High Margin
,6742.0,,Out of Stock,11.0,Active,High Margin
,6357.0,1.332268445,,5.0,Active,High Margin
B,7238.0,,In Stock,15.0,Active,High Margin
,445.0,3.744517987,Out of Stock,13.0,Active,standard
C,9252.0,,In Stock,,Active,High Margin
A,2963.0,,Out of Stock,6.0,Active,High Margin
C,7216.0,4.52207277,In Stock,38.0,Active,High Margin
,2558.0,,Out of Stock,1.0,Active,High Margin
A,6700.0,2.737587965,In Stock,42.0,Active,High Margin
,6750.0,4.138726946,Out of Stock,13.0,Active,High Margin
,6485.0,4.003213013,,40.0,Active,High Margin
,6760.0,,In Stock,6.0,Active,High Margin
,6324.0,2.590477283,Out of Stock,10.0,Active,High Margin
,6277.0,2.12425773,In Stock,3.0,Active,High Margin
,1248.0,,Out of Stock,5.0,Active,High Margin
,4250.0,4.931942728,In Stock,30.0,Active,High Margin
D,4568.0,,In Stock,47.0,Active,High Margin
,205.0,,Out of Stock,24.0,Active,standard
A,6309.0,3.62845317,,44.0,Active,High Margin
A,3282.0,,,38.0,Active,High Margin
,4310.0,4.632801012,,2.0,Active,High Margin
B,4378.0,,Out of Stock,37.0,Active,High Margin
,4996.5,1.947163985,In Stock,48.0,Active,High Margin
,3844.0,1.401476651,,6.0,Active,High Margin
,7165.0,,Out of Stock,21.0,Active,High Margin
A,4421.0,,In Stock,23.0,Active,High Margin
C,3861.0,,In Stock,26.0,Active,High Margin
,5806.0,,Out of Stock,45.0,Active,High Margin
,7313.0,2.138181987,In Stock,23.0,Active,High Margin
A,2074.0,,,38.0,Active,High Margin
,4455.0,,,13.0,Active,High Margin
,7111.0,,Out of Stock,15.0,Active,High Margin
,976.0,,Out of Stock,12.0,Active,High Margin
D,7866.0,4.453749926,Out of Stock,0.0,Active,High Margin
C,4996.5,,In Stock,30.0,Active,High Margin
A,6389.0,,,12.0,Active,High Margin
,3811.0,,In Stock,19.0,Active,High Margin
A,6578.0,2.875556087,Out of Stock,37.0,Active,High Margin
,9150.0,2.169183073,Out of Stock,6.0,Active,High Margin
,9726.0,2.276803146,Out of Stock,20.0,Active,High Margin
D,7756.0,,,7.0,Active,High Margin
,478.0,1.411946368,In Stock,42.0,Active,standard
,1266.0,2.258383613,Out of Stock,,Active,High Margin
,2320.0,,Out of Stock,39.0,Active,High Margin
,1254.0,1.391123812,In Stock,24.0,Active,High Margin
,354.0,2.62715568,,36.0,Active,standard
,2492.0,2.095012194,,16.0,Active,High Margin
,5238.0,,In Stock,45.0,Active,High Margin
B,4795.0,4.011203579,In Stock,16.0,Active,High Margin
,948.0,,Out of Stock,39.0,Active,High Margin
D,3650.0,4.831748595,In Stock,31.0,Active,High Margin
,2995.0,1.550353462,In Stock,35.0,Active,High Margin
,6576.0,1.904310464,Out of Stock,3.0,Active,High Margin
,5280.0,1.497841513,,45.0,Active,High Margin
,7171.0,2.542308211,,4.0,Active,High Margin
,7593.0,3.220679722,Out of Stock,40.0,Active,High Margin
B,4802.0,,Out of Stock,31.0,Active,High Margin
,499.0,2.669893189,In Stock,25.0,Active,standard
,6524.0,,Out of Stock,15.0,Active,High Margin
D,4887.0,2.073943243,Out of Stock,26.0,Active,High Margin
C,2080.0,1.400946529,In Stock,27.0,Active,High Margin
,5264.0,,In Stock,33.0,Active,High Margin
D,8796.0,,Out of Stock,38.0,Active,High Margin
,6725.0,3.11997458,In Stock,41.0,Active,High Margin
D,6904.0,,In Stock,17.0,Active,High Margin
,6654.0,,,45.0,Active,High Margin
,4766.0,3.066230888,,41.0,Active,High Margin
,5055.0,,,44.0,Active,High Margin
,4057.0,2.707933553,Out of Stock,6.0,Active,High Margin
,972.0,3.680316509,Out of Stock,27.0,Active,High Margin
,8857.0,4.476486264,,47.0,Active,High Margin
,1899.0,4.974181954,Out of Stock,43.0,Active,High Margin
,4996.5,,Out of Stock,,Active,High Margin
D,4920.0,,In Stock,48.0,Active,High Margin
,1728.0,,In Stock,19.0,Active,High Margin
,7812.0,4.034867969,Out of Stock,47.0,Active,High Margin
,9129.0,2.952189318,,11.0,Active,High Margin
,2082.0,4.832265603,In Stock,8.0,Active,High Margin
A,8653.0,2.498077667,In Stock,31.0,Active,High Margin
,4996.5,4.381543961,Out of Stock,2.0,Active,High Margin
C,5393.0,,Out of Stock,6.0,Active,High Margin
,4370.0,4.44109162,In Stock,19.0,Active,High Margin
C,7216.0,,In Stock,47.0,Active,High Margin
,4996.5,,In Stock,8.0,Active,High Margin
D,4853.0,,Out of Stock,5.0,Active,High Margin
,803.0,,,1.0,Active,High Margin
B,2775.0,,In Stock,43.0,Active,High Margin
A,7601.0,2.880479953,Out of Stock,26.0,Active,High Margin
,8754.0,3.146058946,Out of Stock,27.0,Active,High Margin
,5381.0,,,44.0,Active,High Margin
B,3737.0,,,32.0,Active,High Margin
D,4896.0,3.426296226,Out of Stock,41.0,Active,High Margin
A,7050.0,,In Stock,43.0,Active,High Margin
,8105.0,4.633012376,,17.0,Active,High Margin
,6339.0,,Out of Stock,12.0,Active,High Margin
D,5412.0,4.188932115,Out of Stock,13.0,Active,High Margin
B,6329.0,,,17.0,Active,High Margin
,2176.0,,,43.0,Active,High Margin
A,6335.0,1.234770424,,33.0,Active,High Margin
,2469.0,,In Stock,5.0,Active,High Margin
,2996.0,,In Stock,32.0,Active,High Margin
,6758.0,4.59572192,Out of Stock,7.0,Active,High Margin
,7708.0,,,45.0,Active,High Margin
,4192.0,,Out of Stock,47.0,Active,High Margin
,3272.0,,Out of Stock,16.0,Active,High Margin
,3394.0,4.784424291,In Stock,14.0,Active,High Margin
C,6607.0,1.189328593,,42.0,Active,High Margin
,6010.0,,Out of Stock,23.0,Active,High Margin
C,5890.0,,In Stock,18.0,Active,High Margin
,7827.0,,Out of Stock,34.0,Active,High Margin
,4015.0,,In Stock,13.0,Active,High Margin
C,1551.0,3.931882519,Out of Stock,23.0,Active,High Margin
,2782.0,,,5.0,Active,High Margin
C,9290.0,1.223001258,In Stock,22.0,Active,High Margin
D,9351.0,4.316931622,In Stock,4.0,Active,High Margin
A,7977.0,2.585101834,In Stock,40.0,Active,High Margin
,1406.0,,Out of Stock,,Active,High Margin
,6671.0,4.103624841,In Stock,28.0,Active,High Margin
,5425.0,4.056073008,In Stock,37.0,Active,High Margin
B,8594.0,4.747326354,Out of Stock,9.0,Active,High Margin
A,9792.0,,Out of Stock,43.0,Active,High Margin
,8653.0,,In Stock,29.0,Active,High Margin
C,8417.0,4.976627404,Out of Stock,16.0,Active,High Margin
,3992.0,,Out of Stock,30.0,Active,High Margin
,2132.0,3.870023225,In Stock,3.0,Active,High Margin
B,8673.0,,In Stock,15.0,Active,High Margin
,6858.0,,In Stock,15.0,Active,High Margin
,6373.0,1.852164037,Out of Stock,32.0,Active,High Margin
C,4088.0,2.866185077,Out of Stock,0.0,Active,High Margin
B,3928.0,4.617921209,Out of Stock,,Active,High Margin
,4184.0,3.835634528,In Stock,32.0,Active,High Margin
,3728.0,1.721861166,In Stock,15.0,Active,High Margin
,7788.0,,Out of Stock,,Active,High Margin
,4043.0,,,8.0,Active,High Margin
,2831.0,4.179234542,Out of Stock,26.0,Active,High Margin
D,2491.0,4.85169778,In Stock,,Active,High Margin
,4623.0,1.446430767,,44.0,Active,High Margin
,4242.0,2.336335047,In Stock,5.0,Active,High Margin
B,8716.0,,,2.0,Active,High Margin
,3740.0,,,19.0,Active,High Margin
,8395.0,1.729532975,In Stock,9.0,Active,High Margin
,8761.0,3.976132944,Out of Stock,48.0,Active,High Margin
,8892.0,1.968447655,In Stock,2.0,Active,High Margin
,7146.0,1.869074907,,28.0,Active,High Margin
,3020.0,3.195975558,,12.0,Active,High Margin
,6620.0,3.86565661,Out of Stock,15.0,Active,High Margin
,6159.0,2.965277747,In Stock,36.0,Active,High Margin
,9110.0,1.946902059,,25.0,Active,High Margin
,5804.0,,,21.0,Active,High Margin
,6113.0,2.32825973,,25.0,Active,High Margin
C,7330.0,1.254595429,,41.0,Active,High Margin
,9447.0,,Out of Stock,,Active,High Margin
,279.0,2.070655578,In Stock,3.0,Active,standard
,3110.0,,,14.0,Active,High Margin
D,5217.0,4.831691093,Out of Stock,24.0,Active,High Margin
B,8633.0,,Out of Stock,1.0,Active,High Margin
C,5191.0,,In Stock,17.0,Active,High Margin
,2122.0,,Out of Stock,32.0,Active,High Margin
B,8225.0,3.170459499,,35.0,Active,High Margin
,5365.0,3.419750089,In Stock,,Active,High Margin
,4238.0,4.908442642,Out of Stock,5.0,Active,High Margin
,2512.0,2.42123123,Out of Stock,0.0,Active,High Margin
A,8583.0,,,39.0,Active,High Margin
,2795.0,4.005626005,Out of Stock,49.0,Active,High Margin
,7491.0,,,41.0,Active,High Margin
,7310.0,,Out of Stock,18.0,Active,High Margin
,549.0,4.503815579,In Stock,19.0,Active,High Margin
A,3800.0,,Out of Stock,22.0,Active,High Margin
,2949.0,2.684961294,In Stock,39.0,Active,High Margin
A,8787.0,2.768524323,In Stock,23.0,Active,High Margin
A,7034.0,,,46.0,Active,High Margin
,4624.0,4.043070466,,39.0,Active,High Margin
C,5784.0,1.655891663,,23.0,Active,High Margin
,9876.0,4.464337485,Out of Stock,45.0,Active,High Margin
,5214.0,,,29.0,Active,High Margin
,971.0,,In Stock,37.0,Active,High Margin
A,8714.0,3.026211597,,4.0,Active,High Margin
,925.0,4.832030708,,29.0,Active,High Margin
,7424.0,,,28.0,Active,High Margin
,4378.0,,In Stock,49.0,Active,High Margin
A,4373.0,2.028804169,In Stock,,Active,High Margin
,8115.0,,Out of Stock,21.0,Active,High Margin
B,2461.0,,Out of Stock,18.0,Active,High Margin
,4996.5,,Out of Stock,39.0,Active,High Margin
,1220.0,4.017838532,,47.0,Active,High Margin
,2544.0,,,32.0,Active,High Margin
,2581.0,3.497810371,In Stock,4.0,Active,High Margin
,9679.0,3.181728302,,2.0,Active,High Margin
C,9911.0,4.492138044,In Stock,46.0,Active,High Margin
,3605.0,,In Stock,44.0,Active,High Margin
,5157.0,4.36900447,,32.0,Active,High Margin
,2699.0,2.157023848,Out of Stock,17.0,Active,High Margin
,5067.0,,In Stock,33.0,Active,High Margin
,9776.0,3.941481827,In Stock,21.0,Active,High Margin
,2658.0,2.237099802,,,Active,High Margin
A,4313.0,4.973084086,,10.0,Active,High Margin
B,8865.0,,Out of Stock,1.0,Active,High Margin
,7994.0,,Out of Stock,15.0,Active,High Margin
,6037.0,3.478458162,,49.0,Active,High Margin
,5647.0,4.755885018,,25.0,Active,High Margin
,7393.0,,,31.0,Active,High Margin
,6627.0,,Out of Stock,2.0,Active,High Margin
D,758.0,2.210974212,,46.0,Active,High Margin
,7436.0,1.156618589,,20.0,Active,High Margin
,6923.0,4.209709102,In Stock,10.0,Active,High Margin
,6808.0,,In Stock,19.0,Active,High Margin
C,3779.0,1.113137087,,30.0,Active,High Margin
D,9354.0,3.489575724,Out of Stock,25.0,Active,High Margin
,279.0,4.861383484,Out of Stock,16.0,Active,standard
,4367.0,1.661016922,,17.0,Active,High Margin
D,4746.0,,,21.0,Active,High Margin
,5158.0,3.464315532,Out of Stock,39.0,Active,High Margin
,7005.0,,,43.0,Active,High Margin
D,1725.0,2.659357105,In Stock,26.0,Active,High Margin
D,5541.0,2.408965359,,34.0,Active,High Margin
,8115.0,2.658287708,In Stock,19.0,Active,High Margin
B,6816.0,,In Stock,,Active,High Margin
C,5237.0,3.218071686,,33.0,Active,High Margin
,4155.0,3.455960727,,27.0,Active,High Margin
,2261.0,,,13.0,Active,High Margin
C,2396.0,2.905757831,Out of Stock,6.0,Active,High Margin
A,1595.0,4.544642464,Out of Stock,23.0,Active,High Margin
,4996.5,,In Stock,25.0,Active,High Margin
B,2443.0,4.444350796,In Stock,27.0,Active,High Margin
,3541.0,,,0.0,Active,High Margin
,9439.0,,In Stock,49.0,Active,High Margin
C,6099.0,,Out of Stock,35.0,Active,High Margin
,7859.0,,,45.0,Active,High Margin
B,8007.0,,In Stock,14.0,Active,High Margin
,6997.0,4.663413628,Out of Stock,33.0,Active,High Margin
B,1101.0,3.245094448,Out of Stock,42.0,Active,High Margin
A,4989.0,,Out of Stock,9.0,Active,High Margin
,1708.0,3.520292126,Out of Stock,31.0,Active,High Margin
,2085.0,,,49.0,Active,High Margin
,2449.0,,In Stock,46.0,Active,High Margin
B,6655.0,,Out of Stock,46.0,Active,High Margin
D,8823.0,2.833091526,Out of Stock,33.0,Active,High Margin
,8928.0,,In Stock,22.0,Active,High Margin
,4399.0,3.288985258,Out of Stock,38.0,Active,High Margin
,2460.0,,,8.0,Active,High Margin
A,7422.0,3.409322659,,,Active,High Margin
C,9341.0,3.802826718,In Stock,15.0,Active,High Margin
C,6733.0,,Out of Stock,37.0,Active,High Margin
,4020.0,,In Stock,17.0,Active,High Margin
,2526.0,3.303325347,In Stock,36.0,Active,High Margin
,2052.0,3.614138609,,39.0,Active,High Margin
,5443.0,,In Stock,5.0,Active,High Margin
,4494.0,,In Stock,1.0,Active,High Margin
,4924.0,1.092177477,Out of Stock,2.0,Active,High Margin
C,5355.0,,,21.0,Active,High Margin
A,5949.0,4.894479166,,26.0,Active,High Margin
,5901.0,3.939403291,Out of Stock,31.0,Active,High Margin
,6068.0,,Out of Stock,38.0,Active,High Margin
,8598.0,,,27.0,Active,High Margin
C,6671.0,,Out of Stock,27.0,Active,High Margin
,9874.0,3.881828408,,5.0,Active,High Margin
D,9847.0,3.667648555,Out of Stock,49.0,Active,High Margin
B,843.0,2.752754219,Out of Stock,48.0,Active,High Margin
,4996.5,,,0.0,Active,High Margin
B,7421.0,,Out of Stock,32.0,Active,High Margin
A,5709.0,,,48.0,Active,High Margin
,8954.0,2.53267862,,44.0,Active,High Margin
,8030.0,4.391910301,Out of Stock,20.0,Active,High Margin
B,6525.0,,Out of Stock,,Active,High Margin
,4996.5,,In Stock,46.0,Active,High Margin
,4996.5,,Out of Stock,21.0,Active,High Margin
,4436.0,4.728334978,,49.0,Active,High Margin
B,6236.0,,Out of Stock,4.0,Active,High Margin
,3283.0,,Out of Stock,9.0,Active,High Margin
D,2999.0,4.425995254,,40.0,Active,High Margin
,4996.5,2.184471315,,0.0,Active,High Margin
